,Compound,DateTime,Neg,Neu,Pos,Source,Text,Tweets Ago
0,0.4648,2018-06-09 23:39:09,0.551,0.155,0.294,CNN,RT @kenpinkela: PLEASE Keep Sharing this information:  How to get help for someone who might be suicidal @CNN https://t.co/1fwZa3oplv #8002‚Ä¶,1
1,0.5719,2018-06-09 23:39:09,0.791,0.0,0.209,FoxNews,"RT @FoxNews: BREAKING: Justify wins the Belmont Stakes, earning the coveted Triple Crown https://t.co/EEHEgMVywm https://t.co/vjiT9IgcDg",2
2,0.5859,2018-06-09 23:39:09,0.858,0.0,0.142,FoxNews,"RT @FoxNews: On this day in 1973, Secretariat becomes the first horse since Citation in 1948 to win the Triple Crown with a spectacular vic‚Ä¶",3
3,-0.34,2018-06-09 23:39:09,0.902,0.098,0.0,nytimes,"RT @nytimes: In Canada, many observers were calling it the ""G-6 plus 1"" ‚Äî with President Trump being cast as the irrational, irascible and‚Ä¶",4
4,0.0,2018-06-09 23:39:08,1.0,0.0,0.0,FoxNews,RT @FoxNews: Kim Jong Un and Donald Trump impersonators arrive in Singapore https://t.co/gQUxSLndMo,5
5,0.5709,2018-06-09 23:39:08,0.85,0.0,0.15,FoxNews,"RT @RealJamesWoods: When the #Left and their media errand boys can‚Äôt handle yet more winning by #Trump, they invariably start this nonsense‚Ä¶",6
6,0.5106,2018-06-09 23:39:08,0.645,0.0,0.355,FoxNews,@FoxNews Free the animals then I‚Äôd visit,7
7,0.25,2018-06-09 23:39:08,0.803,0.08,0.117,nytimes,"RT @SenBlumenthal: Trump thinks the Russian bear is a big friendly pet while Putin, a KGB thug, eats his lunch. No seat at the table until‚Ä¶",8
8,0.5267,2018-06-09 23:39:08,0.523,0.14,0.337,nytimes,RT @androsForm: Soros is everywhere. Oh yeah he‚Äôs Rich. Nvm alarm https://t.co/0VOtrUgwaN,9
9,0.0,2018-06-09 23:39:08,1.0,0.0,0.0,CNN,"RT @thebradfordfile: The G-7 is having a discussion on climate change without Trump.

Why?

President Trump is flying to Singapore to work‚Ä¶",10
10,-0.296,2018-06-09 23:39:08,0.905,0.095,0.0,CNN,RT @CNN: JUST IN: Canadian Prime Minister Justin Trudeau says he will impose retaliatory measures to answer President Trump's tariffs on st‚Ä¶,11
11,0.0,2018-06-09 23:39:08,1.0,0.0,0.0,CNN,"@PressSec @MichaelDelauzon @newsbyhughes @CNN @Scavino45 As usual Sarah, @CNN is #VeryFakeNews",12
12,0.0,2018-06-09 23:39:08,1.0,0.0,0.0,CNN,RT @PhilippeCorbe: Cons√©quence de cette d√©claration finale de Justin Trudeau https://t.co/Vm2yoDr7F0,13
13,-0.5207,2018-06-09 23:39:08,0.796,0.204,0.0,CNN,"Trump criticizes the Canadian Prime Minister and says US won't endorse G7 joint statement
Another big baby Trumper‚Ä¶ https://t.co/ca2RxL58ur",14
14,0.34,2018-06-09 23:39:07,0.746,0.082,0.172,CNN,"RT @jimsciutto: And in response, Trump says he will no longer endorse G7 communique. Please explain how that is strategic rather than react‚Ä¶",15
15,0.0,2018-06-09 23:39:07,1.0,0.0,0.0,nytimes,Justify takes the Triple Crown. https://t.co/YUzQOZqbf8,16
16,0.0,2018-06-09 23:39:07,1.0,0.0,0.0,CBSNews,"On croit toujours qu‚ÄôElisabeth est toujours la reine d‚ÄôAngleterre, mais en fait c‚Äôest George de Cambridge le roi. C‚Ä¶ https://t.co/kMDEdnFiez",17
17,-0.5994,2018-06-09 23:39:07,0.803,0.197,0.0,FoxNews,"RT @RealJamesWoods: Its ALWAYS some snake oil, slime ball, back door, stealth shit with the Clintons. Can these people even breathe without‚Ä¶",18
18,0.0,2018-06-09 23:39:07,1.0,0.0,0.0,FoxNews,RT @FoxNews: German Chancellor Angela Merkel speaks with President @realDonaldTrump during proceedings on the sidelines of the official ord‚Ä¶,19
19,0.0,2018-06-09 23:39:06,1.0,0.0,0.0,CNN,RT @Vallmeister: Trudeau has SNAPPED and has zero chill for Trump: https://t.co/fTziErOjlC,20
20,-0.4767,2018-06-09 23:39:06,0.807,0.193,0.0,FoxNews,RT @Katt4Trump_45: Trump Dismisses 'Fake News CNN' Reporter's Question During G7 Summit Briefing https://t.co/aJ3w5zvCDt,21
21,0.34,2018-06-09 23:39:06,0.746,0.082,0.172,CNN,"RT @jimsciutto: And in response, Trump says he will no longer endorse G7 communique. Please explain how that is strategic rather than react‚Ä¶",22
22,0.4215,2018-06-09 23:39:06,0.742,0.094,0.164,CNN,"RT @ColumbiaBugle: Last night @PressSec slammed CNN on CNN and it was glorious: ""Unfortunately you guys quit reporting the news"" https://t.‚Ä¶",23
23,0.0,2018-06-09 23:39:06,1.0,0.0,0.0,CNN,"RT @Jessicarisent: https://t.co/i0tiu16VMh Anthony Bourdain, CNN host and celebrity chef, hanged himself with bathrobe belt, prosecutors sa‚Ä¶",24
24,-0.9439,2018-06-09 23:39:06,0.466,0.534,0.0,nytimes,"RT @paulkrugman: Really, really bad. Trump is throwing a temper tantrum, threatening dire retaliation against our allies for high  tariffs‚Ä¶",25
25,0.0,2018-06-09 23:39:06,1.0,0.0,0.0,nytimes,RT @nytimes: Anthony Bourdain understood that eating was simply a way of taking the world inside you https://t.co/MFUCcrSnln,26
26,-0.5207,2018-06-09 23:39:06,0.733,0.267,0.0,CNN,"RT @jaketapper: Trump criticizes Justin Trudeau, says US won't endorse G7 communique @CNNPolitics https://t.co/YGLlVV0KbA",27
27,-0.5423,2018-06-09 23:39:06,0.8,0.2,0.0,CNN,@CNN Too bad that we are the ones who are being penalized for a buffoon‚Äôs decision,28
28,-0.4767,2018-06-09 23:39:06,0.807,0.193,0.0,CNN,RT @Katt4Trump_45: Trump Dismisses 'Fake News CNN' Reporter's Question During G7 Summit Briefing https://t.co/aJ3w5zvCDt,29
29,-0.8555,2018-06-09 23:39:06,0.539,0.461,0.0,FoxNews,"RT @2peterswift: recycleamericaradioshow 1,000 illegal immigrants bused to California federal prison for detention https://t.co/jDj2fp3RbI‚Ä¶",30
30,0.0,2018-06-09 23:39:06,1.0,0.0,0.0,FoxNews,"RT @Jessicarisent: https://t.co/i0tiu16VMh Anthony Bourdain, CNN host and celebrity chef, hanged himself with bathrobe belt, prosecutors sa‚Ä¶",31
31,-0.6808,2018-06-09 23:39:05,0.789,0.211,0.0,CNN,This guy is a menace.  He needs to just resign and let his betters who actually know how to govern take the reins.  https://t.co/Qlx7cfCWk8,32
32,0.0,2018-06-09 23:39:05,1.0,0.0,0.0,CNN,@CNN @ChrJMHoffmann Lets compare tariff schedules Trudy.,33
33,0.296,2018-06-09 23:39:05,0.804,0.0,0.196,CNN,"Duke and Duchess of Sussex join Queen's birthday parade

https://t.co/kqzbQ3sTSx",34
34,-0.296,2018-06-09 23:39:05,0.905,0.095,0.0,CNN,RT @CNN: JUST IN: Canadian Prime Minister Justin Trudeau says he will impose retaliatory measures to answer President Trump's tariffs on st‚Ä¶,35
35,-0.296,2018-06-09 23:39:05,0.927,0.073,0.0,CNN,RT @emilia_suze: It appears to me that the pundits in the MSM in Canada and the US are no different when it comes to trade and Canada and T‚Ä¶,36
36,-0.296,2018-06-09 23:39:05,0.905,0.095,0.0,CNN,RT @CNN: JUST IN: Canadian Prime Minister Justin Trudeau says he will impose retaliatory measures to answer President Trump's tariffs on st‚Ä¶,37
37,0.0,2018-06-09 23:39:05,1.0,0.0,0.0,CBSNews,@CBSNews Just another one of nature's little IQ tests.,38
38,0.8176,2018-06-09 23:39:05,0.717,0.0,0.283,CBSNews,"RT @CBSNews: Justify wins the 150th Belmont Stakes, becoming the 13th horse in history to win the Triple Crown https://t.co/0NO3ihaHKB http‚Ä¶",39
39,0.0,2018-06-09 23:39:05,1.0,0.0,0.0,BBCWorld,"RT @negesti: @Laurestar have you heard about the oil spill in Akoka? Read the story via @totaldoright #TotalMustdoright @jimidisu, @TOTALNi‚Ä¶",40
40,-0.5413,2018-06-09 23:39:05,0.857,0.143,0.0,FoxNews,RT @FoxNews: .@replouiegohmert: ‚ÄúRobert Mueller has done more damage during his 12 years as FBI director than‚Ä¶ probably all the directors p‚Ä¶,41
41,-0.5994,2018-06-09 23:39:05,0.803,0.197,0.0,FoxNews,"RT @RealJamesWoods: Its ALWAYS some snake oil, slime ball, back door, stealth shit with the Clintons. Can these people even breathe without‚Ä¶",42
42,0.8248,2018-06-09 23:39:05,0.618,0.0,0.382,FoxNews,"Okay yes, but what about those beautiful and giant creatures that don‚Äôt belong in fiberglass tanks...? https://t.co/HhoAmjF69q",43
43,-0.7814,2018-06-09 23:39:04,0.754,0.246,0.0,FoxNews,"RT @RodStryker: It's so refreshing to hear @POTUS Trump blatantly blast fake news CNN everytime.

He calls out this moron &amp; reinforces our‚Ä¶",44
44,-0.5994,2018-06-09 23:39:04,0.803,0.197,0.0,FoxNews,"RT @RealJamesWoods: Its ALWAYS some snake oil, slime ball, back door, stealth shit with the Clintons. Can these people even breathe without‚Ä¶",45
45,-0.0516,2018-06-09 23:39:04,0.811,0.099,0.09,CNN,"RT @CNNPolitics: Canadian Prime Minister Justin Trudeau says he will with ""absolute certainty"" impose retaliatory measures on July 1 to ans‚Ä¶",46
46,-0.7814,2018-06-09 23:39:04,0.754,0.246,0.0,CNN,"RT @RodStryker: It's so refreshing to hear @POTUS Trump blatantly blast fake news CNN everytime.

He calls out this moron &amp; reinforces our‚Ä¶",47
47,0.0,2018-06-09 23:39:04,1.0,0.0,0.0,CNN,@CNN https://t.co/LvLVHR4FDr,48
48,0.5859,2018-06-09 23:39:04,0.847,0.0,0.153,CNN,"RT @cnnbrk: Justify becomes the 13th thoroughbred to win the Triple Crown, finishing first at the Belmont Stakes. It's trainer Bob Baffert'‚Ä¶",49
49,-0.5267,2018-06-09 23:39:03,0.72,0.191,0.089,CBSNews,"RT @CBSSunday: PREVIEW FOR SUNDAY MORNING

Suicide rates have increased more than 25% since 1999 

@mikeshinoda, co-founder of @linkinpark,‚Ä¶",50
50,0.4019,2018-06-09 23:39:03,0.881,0.0,0.119,CNN,"Hilarious at best...
Donald Trump held a press conference at the G7 -- here are the 38 wildest things he said

https://t.co/kAnXgqVNmB",51
51,-0.8172,2018-06-09 23:39:03,0.746,0.254,0.0,CNN,"RT @RealJack: RETWEET if you think Fake News CNN is the worst!

After a question, President Trump asked a reporter, ‚ÄúWho are you with out o‚Ä¶",52
52,0.0,2018-06-09 23:39:03,1.0,0.0,0.0,FoxNews,RT @FoxNews: Kim Jong Un and Donald Trump impersonators arrive in Singapore https://t.co/gQUxSLndMo,53
53,-0.4019,2018-06-09 23:39:03,0.87,0.13,0.0,FoxNews,RT @heyitsmeCarolyn: 'Bring on the Recession': Bill Maher 'Hoping' for Economic Crash to Oust Trump ü§î #LiberalismIsAMentalDisorder https://‚Ä¶,54
54,-0.8172,2018-06-09 23:39:03,0.746,0.254,0.0,FoxNews,"RT @RealJack: RETWEET if you think Fake News CNN is the worst!

After a question, President Trump asked a reporter, ‚ÄúWho are you with out o‚Ä¶",55
55,-0.296,2018-06-09 23:39:02,0.905,0.095,0.0,CNN,RT @CNN: JUST IN: Canadian Prime Minister Justin Trudeau says he will impose retaliatory measures to answer President Trump's tariffs on st‚Ä¶,56
56,-0.128,2018-06-09 23:39:02,0.621,0.207,0.172,CNN,@donmckelvey @CNN I'd  rather have a lightweight than a lard-ass coward like tRump.,57
57,0.0,2018-06-09 23:39:02,1.0,0.0,0.0,CNN,@CNN Didn‚Äôt I just see an interview where Putin said that he and Donald speak frequently?,58
58,-0.2023,2018-06-09 23:39:02,0.924,0.076,0.0,nytimes,"RT @JustinWolfers: Average tariff rates charged by G-7 nations:
USA: 1.6%
EU: 1.6%
UK: 1.6%
Italy: 1.6%
Germany: 1.6%
France: 1.6%
Japan: 1‚Ä¶",59
59,-0.5991,2018-06-09 23:39:02,0.741,0.259,0.0,CNN,"@SD_IPA_HEAVEN @CNN I don‚Äôt need your money nor your permission.... and stop begging, it‚Äôs not a good look!",60
60,0.0,2018-06-09 23:39:02,1.0,0.0,0.0,CBSNews,https://t.co/m5aUaxBbBW https://t.co/m5aUaxBbBW,61
61,0.0,2018-06-09 23:39:02,1.0,0.0,0.0,CBSNews,"RT @IamGMJohnson: They thought he was gay
They fed him animal feces
They beat him
They burned him with cigarettes
They thought he was gay‚Ä¶",62
62,0.0,2018-06-09 23:39:02,1.0,0.0,0.0,CBSNews,"RT @IamGMJohnson: They thought he was gay
They fed him animal feces
They beat him
They burned him with cigarettes
They thought he was gay‚Ä¶",63
63,0.0,2018-06-09 23:39:02,1.0,0.0,0.0,CNN,RT @DailyCaller: Sarah Sanders To CNN Producer: ‚ÄòCongratulations! Once Again You Are Wrong‚Äô https://t.co/tCCtbGZuaK https://t.co/LhGXeYc7CH,64
64,0.0,2018-06-09 23:39:02,1.0,0.0,0.0,CNN,RT @Downtown0911: @S246278910 @TammyRedmond @lindabuffalo67 @IamMesmerized @wellnessFR @ROYALMRBADNEWS @passion_4truth https://t.co/DeLztSe‚Ä¶,65
65,0.0,2018-06-09 23:39:02,1.0,0.0,0.0,FoxNews,@MatthewJshow @FoxNews @replouiegohmert  https://t.co/6CAfxZgrKA,66
66,0.1027,2018-06-09 23:39:02,0.763,0.111,0.126,FoxNews,"RT @FoxBusiness: .@NancyPelosi: ""Hip hip hooray, unemployment is down. What does that mean to me and my life? I need a bigger paycheck."" ht‚Ä¶",67
67,0.0,2018-06-09 23:39:01,1.0,0.0,0.0,nytimes,Get people taking to twitter about you https://t.co/vdQ0IDH0Tj #wsj #nytimes #reuters #bloomberg #thestreet‚Ä¶ https://t.co/quLHR1Dy7U,68
68,-0.296,2018-06-09 23:39:01,0.905,0.095,0.0,CNN,RT @CNN: JUST IN: Canadian Prime Minister Justin Trudeau says he will impose retaliatory measures to answer President Trump's tariffs on st‚Ä¶,69
69,0.0,2018-06-09 23:39:01,1.0,0.0,0.0,CNN,Get people taking to twitter about you https://t.co/vdQ0IDH0Tj #wsj #nytimes #reuters #bloomberg #thestreet‚Ä¶ https://t.co/quLHR1Dy7U,70
70,-0.296,2018-06-09 23:39:01,0.905,0.095,0.0,CNN,RT @CNN: JUST IN: Canadian Prime Minister Justin Trudeau says he will impose retaliatory measures to answer President Trump's tariffs on st‚Ä¶,71
71,-0.5859,2018-06-09 23:39:01,0.833,0.167,0.0,CBSNews,"RT @Russian_Starr: So, Donald Trump said Barack Obama ""let Russia"" take Crimea. This is complete bullshit and here's why. https://t.co/RKFu‚Ä¶",72
72,0.5719,2018-06-09 23:39:01,0.829,0.0,0.171,FoxNews,RT @DavidLimbaugh: Touching mini-tribute segment on Charles Krauthammer by @BretBaier &amp; @DanaPerino ‚Äî   ‚ÄôThe World Loves Him': Bret Baier H‚Ä¶,73
73,0.0,2018-06-09 23:39:01,1.0,0.0,0.0,FoxNews,Get people taking to twitter about you https://t.co/vdQ0IDH0Tj #wsj #nytimes #reuters #bloomberg #thestreet‚Ä¶ https://t.co/quLHR1Dy7U,74
74,0.34,2018-06-09 23:39:01,0.902,0.0,0.098,CBSNews,"Social Security should NOT be fixed, it should be phased out. We should be teaching our kids that they need to star‚Ä¶ https://t.co/IY9OKAFUiq",75
75,-0.5413,2018-06-09 23:39:01,0.857,0.143,0.0,FoxNews,RT @FoxNews: .@replouiegohmert: ‚ÄúRobert Mueller has done more damage during his 12 years as FBI director than‚Ä¶ probably all the directors p‚Ä¶,76
76,0.0,2018-06-09 23:39:01,1.0,0.0,0.0,nytimes,"@caitoz And operation Timber Sycamore. 
(Which Trump put an end to: https://t.co/4fqLRGCXld)",77
77,-0.5267,2018-06-09 23:39:00,0.72,0.191,0.089,CBSNews,"RT @CBSSunday: PREVIEW FOR SUNDAY MORNING

Suicide rates have increased more than 25% since 1999 

@mikeshinoda, co-founder of @linkinpark,‚Ä¶",78
78,0.0,2018-06-09 23:39:00,1.0,0.0,0.0,CNN,RT @PaulaFeese: @amber_athey @CharlesM_DC @CNN Trump scorched @CNN deservedly so,79
79,0.4215,2018-06-09 23:39:00,0.781,0.0,0.219,FoxNews,"Nice spin Fox, the Antifa stormed the Patriots Prayer Rally. https://t.co/xzGTroZ7YR",80
80,0.0,2018-06-09 23:39:00,1.0,0.0,0.0,CBSNews,"RT @IamGMJohnson: They thought he was gay
They fed him animal feces
They beat him
They burned him with cigarettes
They thought he was gay‚Ä¶",81
81,-0.296,2018-06-09 23:39:00,0.905,0.095,0.0,CNN,RT @CNN: JUST IN: Canadian Prime Minister Justin Trudeau says he will impose retaliatory measures to answer President Trump's tariffs on st‚Ä¶,82
82,0.5859,2018-06-09 23:39:00,0.826,0.0,0.174,CNN,@RacingLambos @WalshFreedom @jaketapper @CNN @PressSec I'm basing it on the fact that Russia helped him win in a nu‚Ä¶ https://t.co/REQ2x0bVh1,83
83,-0.7854,2018-06-09 23:39:00,0.706,0.294,0.0,CNN,RT @ArthurSchwartz: Unfortunate that CNN and the rest of the fake news media in the US don‚Äôt understand this. Not surprising. https://t.co/‚Ä¶,84
84,-0.5207,2018-06-09 23:39:00,0.733,0.267,0.0,CNN,"RT @jaketapper: Trump criticizes Justin Trudeau, says US won't endorse G7 communique @CNNPolitics https://t.co/YGLlVV0KbA",85
85,0.6124,2018-06-09 23:39:00,0.8,0.0,0.2,CNN,"RT @RWPUSA: This president, his cabinet and the senators and representatives of both parties who supported his steel tariffs all look like‚Ä¶",86
86,0.25,2018-06-09 23:38:59,0.764,0.102,0.134,CNN,"RT @dbongino: This is Trump at his best bcz:
1) He drops a neutron bomb on this looney CNN reporter who asks a question in a way designed t‚Ä¶",87
87,0.3919,2018-06-09 23:38:59,0.863,0.0,0.137,CNN,@CNN I'm glad you all think it's fair for another country to have a large fee to sell one of our products. But in r‚Ä¶ https://t.co/9YEhlE7xI5,88
88,0.128,2018-06-09 23:38:59,0.739,0.14,0.121,CNN,"RT @wkamaubell: No #UnitesShades tomorrow (Sunday), so that @CNN can pay respect &amp; tribute to Anthony @Bourdain. I'll be watching too. He's‚Ä¶",89
89,-0.5994,2018-06-09 23:38:59,0.738,0.262,0.0,CNN,Bernie Sanders says Trump is 'going to war against working people' https://t.co/CPvwQ07VyT,90
90,0.0,2018-06-09 23:38:59,1.0,0.0,0.0,CNN,@PoliticalShort @CNN is NOT #BadJournalism  @CNNPR is #Propaganda for the left. Should change their name to #Pravda,91
91,-0.5574,2018-06-09 23:38:59,0.825,0.175,0.0,FoxNews,"RT @ivanvector: PEI to ban single use plastic retail bags, require fees for paper bags https://t.co/zd8pGMmlHZ #pei #foxnews",92
92,-0.4019,2018-06-09 23:38:59,0.87,0.13,0.0,FoxNews,RT @heyitsmeCarolyn: 'Bring on the Recession': Bill Maher 'Hoping' for Economic Crash to Oust Trump ü§î #LiberalismIsAMentalDisorder https://‚Ä¶,93
93,0.0,2018-06-09 23:38:59,1.0,0.0,0.0,CBSNews,"RT @IamGMJohnson: They thought he was gay
They fed him animal feces
They beat him
They burned him with cigarettes
They thought he was gay‚Ä¶",94
94,0.0,2018-06-09 23:38:58,1.0,0.0,0.0,nytimes,RT @nytimestravel: 36 Hours in the Cotswolds: Its lost-in-time country hamlets make this slice of south central England one of Europe‚Äôs mos‚Ä¶,95
95,0.7906,2018-06-09 23:38:58,0.69,0.0,0.31,FoxNews,"RT @TT45Pac: .@VP: ""I want to begin tonight by bringing greetings from a leader who's been delivering every day on his promise to protect f‚Ä¶",96
96,-0.296,2018-06-09 23:38:58,0.905,0.095,0.0,CNN,RT @CNN: JUST IN: Canadian Prime Minister Justin Trudeau says he will impose retaliatory measures to answer President Trump's tariffs on st‚Ä¶,97
97,-0.5255,2018-06-09 23:38:58,0.861,0.139,0.0,CNN,"RT @amber_athey: WATCH: President Trump nukes @CNN reporter into another dimension. 

""I figured. Fake news CNN. The worst!"" he said. ""I ha‚Ä¶",98
98,-0.7783,2018-06-09 23:38:58,0.746,0.254,0.0,CNN,@carolinareader @CNN Hell no. Many of us couldn't stand our previous PM and wanted to trade him for Obama. Trump is‚Ä¶ https://t.co/aF4iBVVrFX,99
99,-0.4939,2018-06-09 23:38:58,0.735,0.173,0.092,FoxNews,RT @david_d1421: And this is what you get when liberals prohibit profiling.  Since we can‚Äôt profile what a potential terrorist looks like t‚Ä¶,100
100,0.3182,2018-06-09 23:38:57,0.913,0.0,0.087,FoxNews,"RT @jeepsuzih2: President Trump is the Only President in my lifetime that I've ever heard talk so much about what is fair for Americans 
Wh‚Ä¶",101
101,-0.2023,2018-06-09 23:38:57,0.924,0.076,0.0,nytimes,"RT @JustinWolfers: Average tariff rates charged by G-7 nations:
USA: 1.6%
EU: 1.6%
UK: 1.6%
Italy: 1.6%
Germany: 1.6%
France: 1.6%
Japan: 1‚Ä¶",102
102,-0.3182,2018-06-09 23:38:57,0.892,0.108,0.0,nytimes,"RT @jazzdotorg: More than 50 years after his passing, a #JohnColtrane recording‚Äîonce thought to be lost forever‚Äîwill finally see the light‚Ä¶",103
103,-0.4767,2018-06-09 23:38:57,0.866,0.134,0.0,CNN,"RT @FoxNews: President @realDonaldTrump: ""Who are you with out of curiosity?""

Reporter: ""CNN.""

@POTUS: ""I figured - Fake News CNN. The wo‚Ä¶",104
104,0.6515,2018-06-09 23:38:57,0.806,0.0,0.194,CNN,"If you‚Äôre able, I HIGHLY encourage you to turn into @CNN tonight to watch the @PartsUnknownCNN marathon. Anthony Bo‚Ä¶ https://t.co/iJ6DOBZMMW",105
105,-0.8172,2018-06-09 23:38:57,0.746,0.254,0.0,FoxNews,"RT @RealJack: RETWEET if you think Fake News CNN is the worst!

After a question, President Trump asked a reporter, ‚ÄúWho are you with out o‚Ä¶",106
106,-0.8172,2018-06-09 23:38:57,0.746,0.254,0.0,CNN,"RT @RealJack: RETWEET if you think Fake News CNN is the worst!

After a question, President Trump asked a reporter, ‚ÄúWho are you with out o‚Ä¶",107
107,-0.4767,2018-06-09 23:38:57,0.846,0.154,0.0,CNN,"RT @thehill: WATCH: Trump calls CNN ""fake news"" after CNN reporter asks question at G7 briefing https://t.co/I7Hj0WF4ku https://t.co/L3aXVa‚Ä¶",108
108,0.0,2018-06-09 23:38:57,1.0,0.0,0.0,CNN,Donald Trump held a press conference at the G7 -- here are the 38 wildest things he said @CNNPolitics https://t.co/fPtPCT9mPw,109
109,-0.2023,2018-06-09 23:38:57,0.924,0.076,0.0,nytimes,"RT @JustinWolfers: Average tariff rates charged by G-7 nations:
USA: 1.6%
EU: 1.6%
UK: 1.6%
Italy: 1.6%
Germany: 1.6%
France: 1.6%
Japan: 1‚Ä¶",110
110,0.0,2018-06-09 23:38:57,1.0,0.0,0.0,nytimes,RT @howardfineman: Bill‚Äôs Belated #MeToo Moment   via @NYTimes.  Bingo.  https://t.co/D24hbrT6Y6,111
111,-0.1759,2018-06-09 23:38:57,0.825,0.175,0.0,FoxNews,@FoxNews Thats when you hit em twice as hard!,112
112,-0.4767,2018-06-09 23:38:57,0.866,0.134,0.0,FoxNews,"RT @FoxNews: President @realDonaldTrump: ""Who are you with out of curiosity?""

Reporter: ""CNN.""

@POTUS: ""I figured - Fake News CNN. The wo‚Ä¶",113
113,0.0,2018-06-09 23:38:57,1.0,0.0,0.0,FoxNews,I'm raising money for JD's Chauffeur service and dial a ride on @monsterenergy @google @twitter @wwe @teamsters‚Ä¶ https://t.co/hYqYZrUKdR,114
114,-0.5216,2018-06-09 23:38:57,0.728,0.272,0.0,FoxNews,RT @LionelMedia: How can you not love this guy? https://t.co/iP9fdvALx4,115
115,0.34,2018-06-09 23:38:57,0.746,0.082,0.172,CNN,"RT @jimsciutto: And in response, Trump says he will no longer endorse G7 communique. Please explain how that is strategic rather than react‚Ä¶",116
116,-0.296,2018-06-09 23:38:56,0.905,0.095,0.0,CNN,RT @CNN: JUST IN: Canadian Prime Minister Justin Trudeau says he will impose retaliatory measures to answer President Trump's tariffs on st‚Ä¶,117
117,0.0,2018-06-09 23:38:56,1.0,0.0,0.0,FoxNews,"@richardm400 @FoxNews @seanhannity We are both right about Mexico's southern border, it has a partial.",118
118,-0.3412,2018-06-09 23:38:56,0.888,0.112,0.0,CNN,RT @SafetyPinDaily: Trump aligns with Giuliani's view that being a porn star is not a respectable career choice || Via CNNPolitics https://‚Ä¶,119
119,0.8176,2018-06-09 23:38:56,0.706,0.0,0.294,CNN,RT @cnni: BREAKING: Justify wins the 150th running of the Belmont Stakes to win horse racing‚Äôs 13th Triple Crown https://t.co/5Hr5TjGCKF,120
120,0.0,2018-06-09 23:38:56,1.0,0.0,0.0,CNN,RT @Vallmeister: Trudeau has SNAPPED and has zero chill for Trump: https://t.co/fTziErOjlC,121
121,0.4927,2018-06-09 23:38:56,0.803,0.0,0.197,CNN,"@realDonaldTrump
This is really funny. You make yourself look so stupid...all by yourself.

https://t.co/KACLG9VGMK",122
122,0.4404,2018-06-09 23:38:56,0.861,0.0,0.139,CNN,RT @manyinkonghoeno: #BRITAIN signing a 1.7billion oil üõ¢ deal with dictator Paul biya of Cameroun is supporting the #GenocideInSouthernCame‚Ä¶,123
123,0.0,2018-06-09 23:38:56,1.0,0.0,0.0,CNN,There's a parts unknown marathon starting on CNN I don't have the heart to watch.,124
124,-0.6597,2018-06-09 23:38:56,0.804,0.196,0.0,nytimes,"RT @TomFitton: A Girl‚Äôs Killing Shakes Germany‚Äôs Migration Debate ‚ÄúIf he had been deported, she would still be alive‚Äù https://t.co/ToqnjIVD‚Ä¶",125
125,-0.1531,2018-06-09 23:38:56,0.862,0.138,0.0,nytimes,Judge Stops Deportation of a New York Pizza Delivery Man https://t.co/m4SnUQPcxU https://t.co/X7HkGg4KTx,126
126,0.7717,2018-06-09 23:38:55,0.691,0.0,0.309,nytimes,@SteveSisolak @latimesnational @nytimes @dcexaminer @MSNBC ‚ùóÔ∏è I love hearing this guys sales pitch he sounds like a‚Ä¶ https://t.co/wvV8BAFKvc,127
127,0.0,2018-06-09 23:38:55,1.0,0.0,0.0,CNN,RT @DailyCaller: Sarah Sanders To CNN Producer: ‚ÄòCongratulations! Once Again You Are Wrong‚Äô https://t.co/tCCtbGZuaK https://t.co/LhGXeYc7CH,128
128,0.0,2018-06-09 23:38:55,1.0,0.0,0.0,nytimes,Rush Hour Headaches https://t.co/xwvshAcPuL https://t.co/pdO7HmHHCi,129
129,0.7964,2018-06-09 23:38:55,0.679,0.0,0.321,nytimes,"RT @sjjphd: Thanks for your love on this thread all. I put something more cohesive together here:
https://t.co/5Jg5fwZuv5",130
130,-0.7814,2018-06-09 23:38:55,0.754,0.246,0.0,CNN,"RT @RodStryker: It's so refreshing to hear @POTUS Trump blatantly blast fake news CNN everytime.

He calls out this moron &amp; reinforces our‚Ä¶",131
131,0.0,2018-06-09 23:38:55,1.0,0.0,0.0,nytimes,"‚ÄúAfrica gave us the blueprint for civilization itself, with profound refutations of the claim that Africans lacked‚Ä¶ https://t.co/c69khLLdAo",132
132,0.0,2018-06-09 23:38:55,1.0,0.0,0.0,CBSNews,#FuckingIdiot https://t.co/EsVrk9k6k1,133
133,0.34,2018-06-09 23:38:55,0.746,0.082,0.172,CNN,"RT @jimsciutto: And in response, Trump says he will no longer endorse G7 communique. Please explain how that is strategic rather than react‚Ä¶",134
134,0.6705,2018-06-09 23:38:55,0.657,0.076,0.266,CNN,"RT @CNN: There was nobody like Anthony Bourdain, and there was no show like #PartsUnknown. CNN pays tribute with a special night of episode‚Ä¶",135
135,-0.7814,2018-06-09 23:38:55,0.754,0.246,0.0,FoxNews,"RT @RodStryker: It's so refreshing to hear @POTUS Trump blatantly blast fake news CNN everytime.

He calls out this moron &amp; reinforces our‚Ä¶",136
136,-0.7003,2018-06-09 23:38:54,0.775,0.225,0.0,CNN,RT @CNN: A manager at a South Carolina restaurant has pleaded guilty to physically abusing a black employee and forcing him to work over 10‚Ä¶,137
137,-0.5994,2018-06-09 23:38:54,0.803,0.197,0.0,FoxNews,"RT @RealJamesWoods: Its ALWAYS some snake oil, slime ball, back door, stealth shit with the Clintons. Can these people even breathe without‚Ä¶",138
138,0.0,2018-06-09 23:38:54,1.0,0.0,0.0,FoxNews,RT @Oraculo7777: @CNN @FoxNews https://t.co/1g7EjaRJsL,139
139,0.3612,2018-06-09 23:38:54,0.894,0.0,0.106,FoxNews,RT @AltUSPressSec: @FoxNews @replouiegohmert This is a blatant lie. This is rewriting history. He was applauded on both sides as one of the‚Ä¶,140
140,-0.4184,2018-06-09 23:38:54,0.59,0.41,0.0,FoxNews,@FoxNews Then stop Trump !!,141
141,0.0,2018-06-09 23:38:54,1.0,0.0,0.0,CNN,RT @Oraculo7777: @CNN @FoxNews https://t.co/1g7EjaRJsL,142
142,0.0,2018-06-09 23:38:54,1.0,0.0,0.0,nytimes,Debacle in Quebec https://t.co/YH2t9b2R7Y https://t.co/APpilMFOFv,143
143,-0.9439,2018-06-09 23:38:54,0.466,0.534,0.0,nytimes,"RT @paulkrugman: Really, really bad. Trump is throwing a temper tantrum, threatening dire retaliation against our allies for high  tariffs‚Ä¶",144
144,0.0,2018-06-09 23:38:54,1.0,0.0,0.0,nytimes,"RT @jessphoenix2018: Science has been removed from the conversation. When you're living in the 21st century, #science literacy (or at least‚Ä¶",145
145,-0.2023,2018-06-09 23:38:54,0.924,0.076,0.0,nytimes,"RT @JustinWolfers: Average tariff rates charged by G-7 nations:
USA: 1.6%
EU: 1.6%
UK: 1.6%
Italy: 1.6%
Germany: 1.6%
France: 1.6%
Japan: 1‚Ä¶",146
146,0.0,2018-06-09 23:38:54,1.0,0.0,0.0,CNN,"‚ÄúCanadians, we‚Äôre polite, we‚Äôre reasonable, but we‚Äôre not your Bitch‚Äù paraphrasing a bit. https://t.co/X7loZqEmmG",147
147,0.0,2018-06-09 23:38:54,1.0,0.0,0.0,CNN,Uysal koyun deƒüilim diyor. https://t.co/VjvAtljAdm,148
148,-0.6486,2018-06-09 23:38:54,0.806,0.194,0.0,CNN,RT @CNN: News of Anthony Bourdain‚Äôs death shook people around the world. We asked for your stories of how this gifted storyteller and chef‚Ä¶,149
149,0.0,2018-06-09 23:38:54,1.0,0.0,0.0,CNN,"The woman who gave her baby to cop in viral story is now in recovery

https://t.co/U2LMejylAf",150
150,0.4648,2018-06-09 23:38:53,0.551,0.155,0.294,CNN,RT @kenpinkela: PLEASE Keep Sharing this information:  How to get help for someone who might be suicidal @CNN https://t.co/1fwZa3oplv #8002‚Ä¶,151
151,0.34,2018-06-09 23:38:53,0.746,0.082,0.172,CNN,"RT @jimsciutto: And in response, Trump says he will no longer endorse G7 communique. Please explain how that is strategic rather than react‚Ä¶",152
152,-0.5994,2018-06-09 23:38:53,0.776,0.224,0.0,CNN,"RT @Amy_Siskind: Trump arrived late to the breakfast on empowering women, missing Trudeau's introduction,
then complained Russia wasn't the‚Ä¶",153
153,-0.296,2018-06-09 23:38:53,0.905,0.095,0.0,CNN,RT @CNN: JUST IN: Canadian Prime Minister Justin Trudeau says he will impose retaliatory measures to answer President Trump's tariffs on st‚Ä¶,154
154,-0.4767,2018-06-09 23:38:53,0.866,0.134,0.0,CNN,"RT @FoxNews: President @realDonaldTrump: ""Who are you with out of curiosity?""

Reporter: ""CNN.""

@POTUS: ""I figured - Fake News CNN. The wo‚Ä¶",155
155,0.34,2018-06-09 23:38:53,0.746,0.082,0.172,CNN,"RT @jimsciutto: And in response, Trump says he will no longer endorse G7 communique. Please explain how that is strategic rather than react‚Ä¶",156
156,-0.296,2018-06-09 23:38:53,0.905,0.095,0.0,CNN,RT @CNN: JUST IN: Canadian Prime Minister Justin Trudeau says he will impose retaliatory measures to answer President Trump's tariffs on st‚Ä¶,157
157,0.2732,2018-06-09 23:38:53,0.876,0.0,0.124,CNN,"RT @jaketapper: Even if you side with this president over those who challenge him and his administration, it is important to remember the p‚Ä¶",158
158,-0.4767,2018-06-09 23:38:53,0.866,0.134,0.0,FoxNews,"RT @FoxNews: President @realDonaldTrump: ""Who are you with out of curiosity?""

Reporter: ""CNN.""

@POTUS: ""I figured - Fake News CNN. The wo‚Ä¶",159
159,0.0,2018-06-09 23:38:53,1.0,0.0,0.0,FoxNews,@FoxNews @replouiegohmert i guess this guy's not big on factsü§î,160
160,-0.6705,2018-06-09 23:38:53,0.421,0.579,0.0,nytimes,I Have Post-Brokeness Stress Disorder https://t.co/0vIoRGCzVD https://t.co/ixETrv060u,161
161,-0.765,2018-06-09 23:38:53,0.732,0.268,0.0,nytimes,"RT @jayrosen_nyu: The marginalization of science, the contempt for diplomats, the impatience with briefers, the refusal to prepare for meet‚Ä¶",162
162,-0.5859,2018-06-09 23:38:53,0.78,0.22,0.0,CBSNews,RT @CBSNews: Fire department issues warning about kids getting burned by garden hoses left in the sun https://t.co/26BU9veuDz https://t.co/‚Ä¶,163
163,0.0,2018-06-09 23:38:53,1.0,0.0,0.0,FoxNews,@FoxNews @replouiegohmert So sayeth the Trumpian pimp.,164
164,-0.3182,2018-06-09 23:38:52,0.859,0.141,0.0,CBSNews,@MoralThug @Vickie627 @PopeJFK @Heather4amazon @mauritian_strug If you are anti- birth control- you are pro-abortio‚Ä¶ https://t.co/NvbTQ22n2W,165
165,-0.4215,2018-06-09 23:38:52,0.797,0.203,0.0,nytimes,Yankees Put Masahiro Tanaka on the D.L. After a Base-Running Injury https://t.co/AM6dAfK2Ne https://t.co/3n323OKxnP,166
166,0.7003,2018-06-09 23:38:52,0.784,0.0,0.216,CNN,"RT @thebradfordfile: In the name of world peace, please tell me Jim Acosta will not be anywhere near the Singapore Summit.

Cc: @CNN",167
167,-0.0516,2018-06-09 23:38:52,0.811,0.099,0.09,CNN,"RT @CNNPolitics: Canadian Prime Minister Justin Trudeau says he will with ""absolute certainty"" impose retaliatory measures on July 1 to ans‚Ä¶",168
168,-0.4184,2018-06-09 23:38:52,0.878,0.122,0.0,CNN,RT @AMErikaNGIRLBOT: Smack down ! ‚¨áÔ∏èWatch Our Sarah Sanders @PressSec own Cuomo from the Clinton News Network! #CNN ‚ÄúDemocrats Have No Mess‚Ä¶,169
169,0.0,2018-06-09 23:38:52,1.0,0.0,0.0,CNN,@CNN Dollar for a dollar. Yaay!,170
170,0.0,2018-06-09 23:38:52,1.0,0.0,0.0,CNN,RT @CNNEE: La delaci√≥n premiada y el √©xito de la investigaci√≥n Lava Jato https://t.co/hwd2PscRVX,171
171,0.5709,2018-06-09 23:38:52,0.844,0.0,0.156,FoxNews,"@FoxNews This time next week the U.S. President will have more affection for North Korea than Canada.

In the meant‚Ä¶ https://t.co/xo44NFimkD",172
172,0.4019,2018-06-09 23:38:51,0.891,0.0,0.109,nytimes,"RT @nytopinion: When Anthony Bourdain visited the San Francisco Bay Area, he sat down with Black Panther Party founder Bobby Seale and prov‚Ä¶",173
173,0.8164,2018-06-09 23:38:51,0.605,0.0,0.395,BBCWorld,"@GeorgeTakei My dear George, have you seen this?

Hope it brings a smile to your face.

https://t.co/Qzg581syET",174
174,0.4404,2018-06-09 23:38:51,0.674,0.0,0.326,nytimes,Selling the Protected Area Myth https://t.co/ESCbDiKRy5 https://t.co/yqK9phEopH,175
175,0.0,2018-06-09 23:38:51,1.0,0.0,0.0,nytimes,RT @kylegriffin1: A federal judge has ruled that Trump and Michael Cohen cannot proceed in total secrecy as they weigh in on the final stag‚Ä¶,176
176,0.7783,2018-06-09 23:38:51,0.709,0.0,0.291,CNN,"RT @michele_norris: Hoping @CNN does another @Bourdain tribute but this time focused on his producers , camera crews &amp; fixers who created t‚Ä¶",177
177,-0.4476,2018-06-09 23:38:51,0.827,0.173,0.0,CNN,"@BigBoyGoose1 @amber_athey @DonaldJTrumpJr @CNN You and Rudy? You work together? Really? I mean..., seriously? That‚Ä¶ https://t.co/e0TUtEOVyE",178
178,-0.5413,2018-06-09 23:38:50,0.857,0.143,0.0,FoxNews,RT @FoxNews: .@replouiegohmert: ‚ÄúRobert Mueller has done more damage during his 12 years as FBI director than‚Ä¶ probably all the directors p‚Ä¶,179
179,0.0,2018-06-09 23:38:50,1.0,0.0,0.0,nytimes,"Lorraine Gordon, Keeper of the Village Vanguard Flame, Dies at 95 https://t.co/iYT2L4KyCR https://t.co/eB2dXkZYkZ",180
180,-0.7184,2018-06-09 23:38:50,0.654,0.288,0.058,nytimes,"RT @CREWcrew: Paul Manafort is in deep legal trouble. Is he going to cut his losses and cooperate with Mueller?
https://t.co/vtoePD4kox",181
181,0.2732,2018-06-09 23:38:50,0.861,0.0,0.139,FoxNews,"RT @mikeroweworks: #Class, #guts, and #dignity. 
A #life well #lived.
#Read - https://t.co/5UUqhvoIdD
#CharlesKrauthammer @FoxNews https://‚Ä¶",182
182,0.0,2018-06-09 23:38:50,1.0,0.0,0.0,FoxNews,"RT @FoxNews: President @realDonaldTrump to CNN reporter: ""I would say that the level of relationship is a 10... You can tell that to your f‚Ä¶",183
183,-0.7814,2018-06-09 23:38:50,0.754,0.246,0.0,FoxNews,"RT @RodStryker: It's so refreshing to hear @POTUS Trump blatantly blast fake news CNN everytime.

He calls out this moron &amp; reinforces our‚Ä¶",184
184,-0.4767,2018-06-09 23:38:50,0.866,0.134,0.0,FoxNews,"RT @FoxNews: President @realDonaldTrump: ""Who are you with out of curiosity?""

Reporter: ""CNN.""

@POTUS: ""I figured - Fake News CNN. The wo‚Ä¶",185
185,0.0,2018-06-09 23:38:50,1.0,0.0,0.0,CNN,"RT @thebradfordfile: The G-7 is having a discussion on climate change without Trump.

Why?

President Trump is flying to Singapore to work‚Ä¶",186
186,0.0,2018-06-09 23:38:50,1.0,0.0,0.0,CNN,RT @FrankLuntz: .@JakeTapper posts a link from 5 years ago about Obama cracking down on journalists (including @JamesRosenTV) and the prece‚Ä¶,187
187,0.0,2018-06-09 23:38:50,1.0,0.0,0.0,CNN,"RT @thebradfordfile: The G-7 is having a discussion on climate change without Trump.

Why?

President Trump is flying to Singapore to work‚Ä¶",188
188,-0.4767,2018-06-09 23:38:50,0.866,0.134,0.0,CNN,"RT @FoxNews: President @realDonaldTrump: ""Who are you with out of curiosity?""

Reporter: ""CNN.""

@POTUS: ""I figured - Fake News CNN. The wo‚Ä¶",189
189,-0.3612,2018-06-09 23:38:50,0.889,0.111,0.0,CNN,"RT @mike_Zollo: A reporter asked President Trump a ridiculous question and Trump said, who are you with. The so called reporter replied, CN‚Ä¶",190
190,0.0,2018-06-09 23:38:50,1.0,0.0,0.0,CNN,"RT @FoxNews: President @realDonaldTrump to CNN reporter: ""I would say that the level of relationship is a 10... You can tell that to your f‚Ä¶",191
191,-0.7814,2018-06-09 23:38:50,0.754,0.246,0.0,CNN,"RT @RodStryker: It's so refreshing to hear @POTUS Trump blatantly blast fake news CNN everytime.

He calls out this moron &amp; reinforces our‚Ä¶",192
192,0.765,2018-06-09 23:38:49,0.581,0.128,0.291,CNN,RT @CNN: The race to save the Great Barrier Reef? A coral fertility treatment designed to help damaged parts of the reef is showing signs o‚Ä¶,193
193,0.5994,2018-06-09 23:38:49,0.584,0.124,0.292,nytimes,RT @Billbrowder: Fitting and important NYT obituary honoring the brave theatre productions of Elena Gremina and Mikhail Ugarov who died in‚Ä¶,194
194,-0.4588,2018-06-09 23:38:49,0.8,0.2,0.0,nytimes,Body of Woman Attacked by an Alligator Is Found in Florida https://t.co/EHLq0roTo1 https://t.co/oDuPy7oE8X,195
195,0.0,2018-06-09 23:38:49,1.0,0.0,0.0,FoxNews,@EMichaelTee1 @FoxNews @realDonaldTrump @RichEdsonDC That‚Äôs actually how liberal live &amp; think !,196
196,-0.5267,2018-06-09 23:38:49,0.793,0.207,0.0,FoxNews,RT @LadyKnightFury: When you can tell a #FakeNews Reporter just by their stupid question üòèhttps://t.co/d43htUORt8,197
197,-0.7783,2018-06-09 23:38:49,0.702,0.298,0.0,FoxNews,RT @CMVCat: @jtmnm91 @Ronan4Progress Why isn't #SamuelRonan trending this #SaturdayMorning?  This is a horrific arrest of a veteran and pol‚Ä¶,198
198,0.128,2018-06-09 23:38:49,0.909,0.0,0.091,FoxNews,"Belmont Stakes' Triple Crown contender, start time, odds and everything else about the horse race https://t.co/p2nrLP9yAj",199
199,-0.3612,2018-06-09 23:38:49,0.772,0.143,0.085,CNN,"RT @PoliticalShort: CNN is a complete and utter joke. What a pathetic hack of a question. Trump was right to call this ""reporter"" out. 

ht‚Ä¶",200
200,-0.3612,2018-06-09 23:38:49,0.772,0.143,0.085,FoxNews,"RT @PoliticalShort: CNN is a complete and utter joke. What a pathetic hack of a question. Trump was right to call this ""reporter"" out. 

ht‚Ä¶",201
201,-0.5994,2018-06-09 23:38:49,0.865,0.135,0.0,CNN,RT @CNN: Construction workers in the UK have found wads of cash dating back to World War II at a shop that once belonged to a tailor belove‚Ä¶,202
202,0.5859,2018-06-09 23:38:48,0.847,0.0,0.153,CNN,"RT @cnnbrk: Justify becomes the 13th thoroughbred to win the Triple Crown, finishing first at the Belmont Stakes. It's trainer Bob Baffert'‚Ä¶",203
203,0.0,2018-06-09 23:38:48,1.0,0.0,0.0,CNN,https://t.co/o9W4a5mfh9,204
204,0.34,2018-06-09 23:38:48,0.746,0.082,0.172,CNN,"RT @jimsciutto: And in response, Trump says he will no longer endorse G7 communique. Please explain how that is strategic rather than react‚Ä¶",205
205,-0.5423,2018-06-09 23:38:48,0.759,0.241,0.0,nytimes,Salmonella Outbreak That Sickened 60 Is Linked to Pre-Cut Melons https://t.co/SWPDRlVver https://t.co/W86DbrVeZ7,206
206,-0.5994,2018-06-09 23:38:48,0.803,0.197,0.0,FoxNews,"RT @RealJamesWoods: Its ALWAYS some snake oil, slime ball, back door, stealth shit with the Clintons. Can these people even breathe without‚Ä¶",207
207,0.0,2018-06-09 23:38:47,1.0,0.0,0.0,FoxNews,I thought there was a 10 year term limit on the FBI directorship https://t.co/yNRAbH5QKq,208
208,0.7906,2018-06-09 23:38:47,0.68,0.0,0.32,FoxNews,"@FoxNews @VP @realDonaldTrump Whether or not anyone wants to admit it, this president acts in the best interests of‚Ä¶ https://t.co/dVZOsZRIzA",209
209,0.5719,2018-06-09 23:38:47,0.709,0.0,0.291,nytimes,Belmont Stakes 2018: Justify Wins the Triple Crown https://t.co/T0h3cUsycS https://t.co/fLWAm7Sc6T,210
210,0.765,2018-06-09 23:38:47,0.591,0.0,0.409,FoxNews,@TJMAGA25 @Lisab1216 @rcaldw @FoxNews Then why are you giving him credit for GDP growth?,211
211,-0.5413,2018-06-09 23:38:47,0.857,0.143,0.0,FoxNews,RT @FoxNews: .@replouiegohmert: ‚ÄúRobert Mueller has done more damage during his 12 years as FBI director than‚Ä¶ probably all the directors p‚Ä¶,212
212,-0.1027,2018-06-09 23:38:46,0.928,0.072,0.0,FoxNews,"RT @FoxNews: During a briefing on Tuesday,  @WhiteHouse @PressSec Sarah Sanders stated that ""the president has worked increasingly hard"" to‚Ä¶",213
213,-0.3657,2018-06-09 23:38:46,0.901,0.099,0.0,nytimes,"RT @carlzimmer: As Trump prepares to meet Kim Jong-un of North Korea to negotiate denuclearization, 
""he is doing so without the help of a‚Ä¶",214
214,-0.1531,2018-06-09 23:38:46,0.897,0.103,0.0,nytimes,Judge Stops Deportation of a New York Pizza Delivery Man - The New York Times #SmartNews  https://t.co/YBDp0MglqH,215
215,-0.296,2018-06-09 23:38:46,0.896,0.104,0.0,nytimes,"RT @LegalAidNYC: ‚ÄúThe focus was to stop him from getting removed this weekend,‚Äù @Gregoire1125, supervising attorney for the immigration uni‚Ä¶",216
216,-0.727,2018-06-09 23:38:46,0.539,0.336,0.124,FoxNews,@AltUSPressSec @FoxNews @replouiegohmert Yup! He was! Glad how these people then on their LIES! it's sickening!,217
217,0.1027,2018-06-09 23:38:46,0.78,0.103,0.117,FoxNews,"RT @DonaldJTrumpJr: Nancy Pelosi: ""Hip hip hooray, unemployment is down. What does that mean to me and my life?‚Äù

She actually said that. T‚Ä¶",218
218,-0.4215,2018-06-09 23:38:46,0.887,0.113,0.0,FoxNews,"RT @JessieJaneDuff: When it comes to the Iran nuclear deal, the Obama administration was a bottomless pit of lies &amp; deciet to the American‚Ä¶",219
219,0.0,2018-06-09 23:38:46,1.0,0.0,0.0,CBSNews,RT @CBSNews: Doctors told her parents she likely wouldn't live long‚Äî then that she would never walk. This 19-year-old with cerebral palsy s‚Ä¶,220
220,-0.296,2018-06-09 23:38:45,0.909,0.091,0.0,FoxNews,RT @RealJamesWoods: What a snake oil salesman this charlatan was. A real piece of work. No wonder he sealed every record there ever was of‚Ä¶,221
221,0.6369,2018-06-09 23:38:45,0.574,0.0,0.426,FoxNews,@FoxNews @foxandfriends @RCamposDuffy @FLOTUS With gentle meaningful words&amp; class,222
222,0.0,2018-06-09 23:38:45,1.0,0.0,0.0,CBSNews,"RT @IamGMJohnson: They thought he was gay
They fed him animal feces
They beat him
They burned him with cigarettes
They thought he was gay‚Ä¶",223
223,-0.9439,2018-06-09 23:38:44,0.466,0.534,0.0,nytimes,"RT @paulkrugman: Really, really bad. Trump is throwing a temper tantrum, threatening dire retaliation against our allies for high  tariffs‚Ä¶",224
224,0.5574,2018-06-09 23:38:44,0.709,0.084,0.206,FoxNews,"@FoxNews @POTUS He is right, especially recent the US press has fallen off the wagon. Not Fox News Tucker's been doing a pretty good job.",225
225,0.0387,2018-06-09 23:38:44,0.668,0.183,0.149,nytimes,"RT @davidaxelrod: Confronting our friends and coddling our foes seems like a weird strategy.  But, hey, we‚Äôre talking about a guy who had a‚Ä¶",226
226,-0.4019,2018-06-09 23:38:44,0.87,0.13,0.0,FoxNews,RT @heyitsmeCarolyn: 'Bring on the Recession': Bill Maher 'Hoping' for Economic Crash to Oust Trump ü§î #LiberalismIsAMentalDisorder https://‚Ä¶,227
227,0.5709,2018-06-09 23:38:44,0.85,0.0,0.15,FoxNews,"RT @RealJamesWoods: When the #Left and their media errand boys can‚Äôt handle yet more winning by #Trump, they invariably start this nonsense‚Ä¶",228
228,-0.7269,2018-06-09 23:38:44,0.596,0.404,0.0,FoxNews,"@thehill;@FoxNews;@ABCNews;@CBSNews;@NBCNews
You can see the contempt on @POTUS face. She loses.",229
229,0.1779,2018-06-09 23:38:44,0.677,0.135,0.188,FoxNews,"ABC apologizes for controversial ‚ÄòQuantico‚Äô episode, defends star Priyanka Chopra

https://t.co/JORlvqffcf",230
230,-0.7269,2018-06-09 23:38:44,0.596,0.404,0.0,CBSNews,"@thehill;@FoxNews;@ABCNews;@CBSNews;@NBCNews
You can see the contempt on @POTUS face. She loses.",231
231,0.0,2018-06-09 23:38:44,1.0,0.0,0.0,CBSNews,"RT @IamGMJohnson: They thought he was gay
They fed him animal feces
They beat him
They burned him with cigarettes
They thought he was gay‚Ä¶",232
232,-0.4019,2018-06-09 23:38:43,0.876,0.124,0.0,CBSNews,"RT @keithboykin: Trump blames President Obama, not Russian President Vladimir Putin, for Russia's invasion of Ukraine and annexation of Cri‚Ä¶",233
233,0.0,2018-06-09 23:38:43,1.0,0.0,0.0,CBSNews,"RT @IamGMJohnson: They thought he was gay
They fed him animal feces
They beat him
They burned him with cigarettes
They thought he was gay‚Ä¶",234
234,-0.7772,2018-06-09 23:38:43,0.726,0.274,0.0,FoxNews,"RT @President1Trump: ‚ÄúWho are you with, out of curiosity‚Äù! I figured. fake news @CNN‚Äù!  President @realDonaldTrump rips fake news CNN repor‚Ä¶",235
235,0.5709,2018-06-09 23:38:42,0.85,0.0,0.15,FoxNews,"RT @RealJamesWoods: When the #Left and their media errand boys can‚Äôt handle yet more winning by #Trump, they invariably start this nonsense‚Ä¶",236
236,-0.7772,2018-06-09 23:38:42,0.726,0.274,0.0,FoxNews,"RT @President1Trump: ‚ÄúWho are you with, out of curiosity‚Äù! I figured. fake news @CNN‚Äù!  President @realDonaldTrump rips fake news CNN repor‚Ä¶",237
237,0.0,2018-06-09 23:38:42,1.0,0.0,0.0,FoxNews,#AmericaFirst https://t.co/CNJA1IKw0Y,238
238,-0.2263,2018-06-09 23:38:41,0.725,0.159,0.116,FoxNews,"TSA searches 96-year-old woman in wheelchair in viral video, sparking outrage

https://t.co/nqM7vug3hB

Shared from my Google feed",239
239,0.0,2018-06-09 23:38:41,1.0,0.0,0.0,FoxNews,"RT @JBaker31826004: @FoxNews @realDonaldTrump I keep seeing this picture of Trump saying ""NO"" to the kids. https://t.co/IZ7VPgWz2M",240
240,0.0,2018-06-09 23:38:41,1.0,0.0,0.0,FoxNews,RT @FoxNews: German Chancellor Angela Merkel speaks with President @realDonaldTrump during proceedings on the sidelines of the official ord‚Ä¶,241
241,-0.4215,2018-06-09 23:38:41,0.813,0.125,0.062,BBCWorld,"RT @BBCWorld: Two men who look like Donald Trump and Kim Jong-un went for a walk in Singapore 
But are they fooling anyone? ü§î
https://t.co/‚Ä¶",242
242,0.0,2018-06-09 23:38:41,1.0,0.0,0.0,nytimes,RT @ayakojitsu: ÂÖÉ„Éà„É≠„Ç´„Éá„É≠„ÄÅ3Êúà„Å´ENB„Å´ÂÖ•Âõ£„Åó„Åü„Ç∏„Çß„É≥„ÉÄ„Éº„Éï„É´„Ç§„Éâ„ÅÆ„ÉÅ„Çß„Ç§„Çπ„Éª„Ç∏„Éß„É≥„Ç∏„Éº„Åå„ÄÅ„ÄåÁú†„Çå„ÇãÊ£Æ„ÅÆÁæéÂ•≥„Äç„ÅÆÂÆÆÂª∑Â•≥ÊÄßÂΩπ„Åß„Éá„Éì„É•„Éº„ÄÇÂÖ•Âõ£„Åã„ÇâÁ¥Ñ9KgÊ∏õÈáè„Åó„Å¶Ëá®„Çì„Å†„Å®„ÅÆ‰∫ã„ÄÇ„Ç∏„Çß„É≥„ÉÄ„Éº„ÅÆÂΩπÂâ≤„ÅåÊòéÁ¢∫„Å™Âè§ÂÖ∏„Éê„É¨„Ç®„Å´„Åä„ÅÑ„Å¶Áî∑ÊÄß„ÉÄ„É≥„Çµ„Éº„Åå„Ç∏„Éß„Éº„ÇØ„Å´„Åô„Çã„Åì„Å®„Å™„ÅèÂ•≥ÊÄßÂΩπ„Çí‚Ä¶,243
243,0.0,2018-06-09 23:38:41,1.0,0.0,0.0,nytimes,.@mmfa @moveon @dailykos @motherjones @slate @washingtonpost @nytimes @cnn @msnbc @barackobama @michelleObama‚Ä¶ https://t.co/GrdIMFVNRr,244
244,0.0,2018-06-09 23:38:40,1.0,0.0,0.0,FoxNews,RT @Jamierodr10: üá∫üá∏@chrisprudhome: In my eyes President Trump is doing more for the Minority members of the community than any other Presid‚Ä¶,245
245,0.0,2018-06-09 23:38:40,1.0,0.0,0.0,FoxNews,@ShlomoIndiana @FoxNews @realDonaldTrump @BarackObama @SenSchumer @NancyPelosi There is a major difference between‚Ä¶ https://t.co/Vn57LDudR7,246
246,0.0,2018-06-09 23:38:40,1.0,0.0,0.0,CBSNews,"RT @IamGMJohnson: They thought he was gay
They fed him animal feces
They beat him
They burned him with cigarettes
They thought he was gay‚Ä¶",247
247,-0.2732,2018-06-09 23:38:40,0.633,0.228,0.139,FoxNews,"RT @prayingmedic: A twenty-something know-it-all CNN reporter meets the leader of the free world.
Ignorance can be painful.
https://t.co/JE‚Ä¶",248
248,0.0772,2018-06-09 23:38:40,0.929,0.0,0.071,FoxNews,"@FoxNews @Lavarbigballer @POTUS #1 you‚Äôd never be invited, he already has your number  #2 @KingJames already tried‚Ä¶ https://t.co/EkS3bCZQZO",249
249,-0.5859,2018-06-09 23:38:40,0.654,0.246,0.1,FoxNews,"RT @FoxNews: .@VP on Singapore summit: ""After years of failed policies and broken promises last year, President @realDonaldTrump ended the‚Ä¶",250
250,-0.296,2018-06-09 23:38:40,0.905,0.095,0.0,FoxNews,"RT @FoxNews: At his press briefing, President @realDonaldTrump said that the U.S. would no longer be a piggy bank robbed by other nations.‚Ä¶",251
251,-0.5267,2018-06-09 23:38:40,0.793,0.207,0.0,FoxNews,RT @LadyKnightFury: When you can tell a #FakeNews Reporter just by their stupid question üòèhttps://t.co/d43htUORt8,252
252,0.7574,2018-06-09 23:38:39,0.735,0.0,0.265,nytimes,"@nytimes PBD stands w/Freedom Seeking &amp; Loving Russians Fair Elections &amp; Change of Power!
PBD: Arab Spring"" &amp; Tiena‚Ä¶ https://t.co/vjhLnDZKk2",253
253,0.5859,2018-06-09 23:38:39,0.833,0.0,0.167,nytimes,RT @KensingtonBooks: Did you see this @nytimesbooks must-read list? DON'T BELIEVE IT by @CharlieDonlea is in some amazing company: https://‚Ä¶,254
254,-0.5994,2018-06-09 23:38:39,0.803,0.197,0.0,FoxNews,"RT @RealJamesWoods: Its ALWAYS some snake oil, slime ball, back door, stealth shit with the Clintons. Can these people even breathe without‚Ä¶",255
255,-0.128,2018-06-09 23:38:39,0.662,0.185,0.152,FoxNews,RT @foxandfriends: Trump says he'll ask protesting athletes for pardon referrals https://t.co/9Zuii6894N,256
256,-0.5413,2018-06-09 23:38:39,0.857,0.143,0.0,FoxNews,RT @FoxNews: .@replouiegohmert: ‚ÄúRobert Mueller has done more damage during his 12 years as FBI director than‚Ä¶ probably all the directors p‚Ä¶,257
257,-0.4767,2018-06-09 23:38:39,0.866,0.134,0.0,FoxNews,"RT @FoxNews: President @realDonaldTrump: ""Who are you with out of curiosity?""

Reporter: ""CNN.""

@POTUS: ""I figured - Fake News CNN. The wo‚Ä¶",258
258,0.5633,2018-06-09 23:38:39,0.824,0.0,0.176,FoxNews,Mr Gowdy‚Äôs sounding more and more like Elijah Cummings and John Lewis everyday! Promulgating falsehoods! They made‚Ä¶ https://t.co/xEEVmDIWi8,259
259,0.128,2018-06-09 23:38:39,0.88,0.0,0.12,nytimes,"A Secretive Investor in Triple Crown Contender Justify: George Soros https://t.co/LOOzDMoQ27

ASSHOLE @GeorgeSoros",260
260,-0.5413,2018-06-09 23:38:38,0.857,0.143,0.0,FoxNews,RT @FoxNews: .@replouiegohmert: ‚ÄúRobert Mueller has done more damage during his 12 years as FBI director than‚Ä¶ probably all the directors p‚Ä¶,261
261,-0.7906,2018-06-09 23:38:38,0.504,0.395,0.101,FoxNews,"1,000 illegal immigrants bused to California federal prison for detention

https://t.co/xzAZy7OsNH

Shared from my Google feed",262
262,0.0,2018-06-09 23:38:38,1.0,0.0,0.0,nytimes,"RT @HouseDemocrats: Then: Republicans said they would keep protections for people with preexisting conditions.

Now: The Trump administrati‚Ä¶",263
263,0.0,2018-06-09 23:38:38,1.0,0.0,0.0,FoxNews,"RT @Farberyanki: President @realDonaldTrump is on his way to Singapore for a historic meeting with North Korean leader Kim Jong Un 

Clinto‚Ä¶",264
264,0.3818,2018-06-09 23:38:38,0.776,0.0,0.224,FoxNews,"RT @FoxNews: President @realDonaldTrump promises ""America First"" throughout 2016. https://t.co/loUFH6m9i3",265
265,0.0,2018-06-09 23:38:37,1.0,0.0,0.0,nytimes,@KatyTurNBC @MSNBC @CNN @AriMelber @CoryBooker @KamalaHarris @FBI @chrislhayes @maddow @PhilMurphyNJ @MaddowBlog‚Ä¶ https://t.co/hFbgD2LkIM,266
266,0.0,2018-06-09 23:38:37,1.0,0.0,0.0,FoxNews,"RT @FoxNews: Reporter: ""Do you think Crimea should be recognized as Russia at this point?""

.@POTUS: ""You'd have to ask President Obama, be‚Ä¶",267
267,-0.5413,2018-06-09 23:38:37,0.857,0.143,0.0,FoxNews,RT @FoxNews: .@replouiegohmert: ‚ÄúRobert Mueller has done more damage during his 12 years as FBI director than‚Ä¶ probably all the directors p‚Ä¶,268
268,-0.8172,2018-06-09 23:38:37,0.746,0.254,0.0,FoxNews,"RT @RealJack: RETWEET if you think Fake News CNN is the worst!

After a question, President Trump asked a reporter, ‚ÄúWho are you with out o‚Ä¶",269
269,0.8176,2018-06-09 23:38:36,0.717,0.0,0.283,CBSNews,"RT @CBSNews: Justify wins the 150th Belmont Stakes, becoming the 13th horse in history to win the Triple Crown https://t.co/0NO3ihaHKB http‚Ä¶",270
270,-0.5413,2018-06-09 23:38:36,0.857,0.143,0.0,FoxNews,RT @FoxNews: .@replouiegohmert: ‚ÄúRobert Mueller has done more damage during his 12 years as FBI director than‚Ä¶ probably all the directors p‚Ä¶,271
271,0.0,2018-06-09 23:38:36,1.0,0.0,0.0,FoxNews,@buildthatwall45 @ResistanceNOW77 @FoxNews @POTUS Bot,272
272,0.2755,2018-06-09 23:38:36,0.883,0.0,0.117,FoxNews,"RT @FoxNews: .@VP on North Korea summit: ""We will not repeat the mistakes of the past."" https://t.co/vkdzKjHLD1",273
273,-0.5194,2018-06-09 23:38:35,0.749,0.251,0.0,nytimes,"RT @paulkrugman: Strange to say, I was not impressed by Trump's performance at the G7 https://t.co/YuwbtKaB2x",274
274,-0.7351,2018-06-09 23:38:35,0.744,0.256,0.0,FoxNews,RT @Aledemar1M: Political strategy: Nefarious health program of the #Socialist Regime of #Venezuela wants the sick and weak population for‚Ä¶,275
275,0.0,2018-06-09 23:38:34,1.0,0.0,0.0,CBSNews,"RT @IamGMJohnson: They thought he was gay
They fed him animal feces
They beat him
They burned him with cigarettes
They thought he was gay‚Ä¶",276
276,0.4648,2018-06-09 23:38:34,0.862,0.0,0.138,nytimes,"RT @RickOhioImBack: TRUTH

@AliWatkins  A 26-yr old #NYTimes reporter

Was having sex with #Wolfe #Leaker

Ask yourself 

WHY DO U THINK SH‚Ä¶",277
277,-0.7003,2018-06-09 23:38:34,0.734,0.266,0.0,nytimes,RT @President1Trump: Trump says U.S. will no longer be ‚Äòpiggy bank‚Äô for the world to Rob #AmericaFirst  https://t.co/7engmE8GUh,278
278,-0.2023,2018-06-09 23:38:33,0.924,0.076,0.0,nytimes,"RT @JustinWolfers: Average tariff rates charged by G-7 nations:
USA: 1.6%
EU: 1.6%
UK: 1.6%
Italy: 1.6%
Germany: 1.6%
France: 1.6%
Japan: 1‚Ä¶",279
279,-0.5106,2018-06-09 23:38:32,0.875,0.125,0.0,nytimes,RT @shearm: Rarely ‚Äî if ever ‚Äî has there been the kind of visceral and unanimous outrage at an American president. My story about what @rea‚Ä¶,280
280,0.0772,2018-06-09 23:38:32,0.944,0.0,0.056,nytimes,"RT @nytimes: In November 2017, @nytimesbooks asked Anthony Bourdain who he'd want to write his life story. His response? ""I already wrote i‚Ä¶",281
281,0.9061,2018-06-09 23:38:32,0.345,0.111,0.544,BBCWorld,A great achievement at a frustrating meeting. So happy that #girls #education is winning support https://t.co/mSRwgxArNL,282
282,-0.5859,2018-06-09 23:38:31,0.833,0.167,0.0,CBSNews,"RT @Russian_Starr: So, Donald Trump said Barack Obama ""let Russia"" take Crimea. This is complete bullshit and here's why. https://t.co/RKFu‚Ä¶",283
283,0.0,2018-06-09 23:38:31,1.0,0.0,0.0,nytimes,"RT @ColinKahl: At the G-7 summit, Team Trump has objected to including the phrase ‚Äúrules-based international order‚Äù in the final communique‚Ä¶",284
284,0.3612,2018-06-09 23:38:30,0.872,0.0,0.128,BBCWorld,"RT @BBCWorld: Russian workers being taught how to smile more ahead of the World Cup 
‚ò∫Ô∏è‚ò∫Ô∏è
https://t.co/WBNlLAf9Nt https://t.co/uyLxrpKct6",285
285,0.0,2018-06-09 23:38:30,1.0,0.0,0.0,BBCWorld,@theRealYLH @ImranKhanPTI @TheZeinabBadawi @BBCWorld @BBCHARDtalk She caught his BS right from the start.. that‚Äôs w‚Ä¶ https://t.co/chb4LCWe5T,286
286,0.0,2018-06-09 23:38:30,1.0,0.0,0.0,CBSNews,"RT @IamGMJohnson: They thought he was gay
They fed him animal feces
They beat him
They burned him with cigarettes
They thought he was gay‚Ä¶",287
287,-0.6486,2018-06-09 23:38:30,0.656,0.255,0.089,nytimes,"RT @mattblaze: Among the daily barrage of acutely disturbing outrages, a quieter, more insidious one: the banishment of competent science a‚Ä¶",288
288,-0.5859,2018-06-09 23:38:29,0.78,0.22,0.0,CBSNews,RT @CBSNews: Fire department issues warning about kids getting burned by garden hoses left in the sun https://t.co/26BU9veuDz https://t.co/‚Ä¶,289
289,-0.4019,2018-06-09 23:38:29,0.838,0.162,0.0,nytimes,"@wificola @PJoliCo Oppressive Spain. Independents eating bread and water ...  üòë
@Le_Figaro @lemondefr‚Ä¶ https://t.co/sREJDXn4sJ",290
290,0.7269,2018-06-09 23:38:28,0.663,0.0,0.337,nytimes,"Belmont Stakes 2018: Justify Wins the Triple Crown

https://t.co/I1FRbfwv92

Shared from my Google feed",291
291,0.0,2018-06-09 23:38:28,1.0,0.0,0.0,nytimes,RT @MiaFarrow: Trump will meet Kim Jong-un without the presence of a White House science adviser or senior counselor trained in nuclear phy‚Ä¶,292
292,0.0,2018-06-09 23:38:27,1.0,0.0,0.0,CBSNews,"RT @IamGMJohnson: They thought he was gay
They fed him animal feces
They beat him
They burned him with cigarettes
They thought he was gay‚Ä¶",293
293,0.0,2018-06-09 23:38:27,1.0,0.0,0.0,CBSNews,"""Trump blasts Canada's Trudeau for 'false statements'...""  https://t.co/kEhp60UyXS",294
294,0.0,2018-06-09 23:38:27,1.0,0.0,0.0,CBSNews,"RT @IamGMJohnson: They thought he was gay
They fed him animal feces
They beat him
They burned him with cigarettes
They thought he was gay‚Ä¶",295
295,0.0,2018-06-09 23:38:27,1.0,0.0,0.0,CBSNews,Je hais ce monde https://t.co/VYilJXcd0S,296
296,-0.7096,2018-06-09 23:38:26,0.772,0.228,0.0,BBCWorld,"RT @Naijadailyfeed: This is the new way SARS (Special anti robbery squad) rob Nigerians. We need assistance
#EndSARS @AJStream @CNN @BBC @A‚Ä¶",297
297,0.0258,2018-06-09 23:38:26,0.672,0.16,0.168,nytimes,A Forgotten Religion Gets a Second Chance in Brooklyn   via @NYTimes https://t.co/aZjoUHHogr,298
298,0.0,2018-06-09 23:38:24,1.0,0.0,0.0,CBSNews,"RT @IamGMJohnson: They thought he was gay
They fed him animal feces
They beat him
They burned him with cigarettes
They thought he was gay‚Ä¶",299
299,0.0,2018-06-09 23:38:24,1.0,0.0,0.0,BBCWorld,RT @HemanNamo: Similarly #ArundhatiRoy should be picked up for her @BBCWorld to find motive of maligning name of the country in Foreign med‚Ä¶,300
300,0.0,2018-06-09 23:38:24,1.0,0.0,0.0,nytimes,"RT @peterbakernyt: The American side objected to including the phrase ‚Äúrules-based international order‚Äù in the G7 communique, even though i‚Ä¶",301
301,0.0,2018-06-09 23:38:23,1.0,0.0,0.0,CBSNews,"RT @IamGMJohnson: They thought he was gay
They fed him animal feces
They beat him
They burned him with cigarettes
They thought he was gay‚Ä¶",302
302,0.0,2018-06-09 23:38:23,1.0,0.0,0.0,nytimes,RT @TerryLee__: https://t.co/H8fG1a9PiB,303
303,-0.6486,2018-06-09 23:38:22,0.656,0.255,0.089,nytimes,"RT @mattblaze: Among the daily barrage of acutely disturbing outrages, a quieter, more insidious one: the banishment of competent science a‚Ä¶",304
304,-0.9439,2018-06-09 23:38:21,0.466,0.534,0.0,nytimes,"RT @paulkrugman: Really, really bad. Trump is throwing a temper tantrum, threatening dire retaliation against our allies for high  tariffs‚Ä¶",305
305,0.0,2018-06-09 23:38:21,1.0,0.0,0.0,CBSNews,"RT @IamGMJohnson: They thought he was gay
They fed him animal feces
They beat him
They burned him with cigarettes
They thought he was gay‚Ä¶",306
306,0.3612,2018-06-09 23:38:21,0.762,0.0,0.238,nytimes,@rolmiller @drlesko @melodyfairchild @nytimes @laurenfleshman @SGollishRuns Couldn‚Äôt agree more.,307
307,-0.7269,2018-06-09 23:38:20,0.79,0.21,0.0,CBSNews,"RT @samwhiteout: They killed him because they thought he was gay.

He was 8.

Miss me with the ""you're overreacting"" when it comes to homop‚Ä¶",308
308,-0.296,2018-06-09 23:38:19,0.82,0.18,0.0,nytimes,African-Americans and the Strains of the National Anthem https://t.co/39ljfU75GP @jessienuez @LateNightRich,309
309,0.0,2018-06-09 23:38:19,1.0,0.0,0.0,CBSNews,"RT @IamGMJohnson: They thought he was gay
They fed him animal feces
They beat him
They burned him with cigarettes
They thought he was gay‚Ä¶",310
310,-0.4215,2018-06-09 23:38:19,0.813,0.125,0.062,BBCWorld,"RT @BBCWorld: Two men who look like Donald Trump and Kim Jong-un went for a walk in Singapore 
But are they fooling anyone? ü§î
https://t.co/‚Ä¶",311
311,-0.9439,2018-06-09 23:38:19,0.466,0.534,0.0,nytimes,"RT @paulkrugman: Really, really bad. Trump is throwing a temper tantrum, threatening dire retaliation against our allies for high  tariffs‚Ä¶",312
312,0.0,2018-06-09 23:38:18,1.0,0.0,0.0,CBSNews,"RT @IamGMJohnson: They thought he was gay
They fed him animal feces
They beat him
They burned him with cigarettes
They thought he was gay‚Ä¶",313
313,-0.0258,2018-06-09 23:38:18,0.761,0.121,0.118,nytimes,RT @SwettmanF: @nytimes Why would any parent do this to their own children? Use kids to gain a way into the country. It's horrible. That's‚Ä¶,314
314,-0.4215,2018-06-09 23:38:18,0.813,0.125,0.062,BBCWorld,"RT @BBCWorld: Two men who look like Donald Trump and Kim Jong-un went for a walk in Singapore 
But are they fooling anyone? ü§î
https://t.co/‚Ä¶",315
315,-0.7003,2018-06-09 23:38:16,0.734,0.266,0.0,nytimes,RT @President1Trump: Trump says U.S. will no longer be ‚Äòpiggy bank‚Äô for the world to Rob #AmericaFirst  https://t.co/7engmE8GUh,316
316,0.0,2018-06-09 23:38:15,1.0,0.0,0.0,nytimes,Trump Refuses to Sign G-7 Statement and Calls Trudeau ‚ÄòWeak‚Äô https://t.co/0L8x3tsqKe . . . Samson pulling down the‚Ä¶ https://t.co/hhx8uAZqS8,317
317,-0.7088,2018-06-09 23:38:15,0.777,0.223,0.0,CBSNews,"@CNN @MSNBC @ABC @washingtonpost @nytimes @FoxNews @CBSNews  
Trump what the hell happened with the G7 Summit! What‚Ä¶ https://t.co/NBYlmDwc1F",318
318,0.0,2018-06-09 23:38:15,1.0,0.0,0.0,nytimes,"RT @susanchira: What‚Äôs the only city in the US where anyone can view surveillance camera footage? In Newark, Police Cameras, and the Intern‚Ä¶",319
319,-0.7088,2018-06-09 23:38:15,0.777,0.223,0.0,nytimes,"@CNN @MSNBC @ABC @washingtonpost @nytimes @FoxNews @CBSNews  
Trump what the hell happened with the G7 Summit! What‚Ä¶ https://t.co/NBYlmDwc1F",320
320,-0.5859,2018-06-09 23:38:14,0.78,0.22,0.0,CBSNews,RT @CBSNews: Fire department issues warning about kids getting burned by garden hoses left in the sun https://t.co/26BU9veuDz https://t.co/‚Ä¶,321
321,0.0,2018-06-09 23:38:12,1.0,0.0,0.0,nytimes,RT @unrecognizableN: 46. ⁄©Ÿá ŸÖÿÆÿßŸÑŸÅÿßŸÜ ÿßÿµŸÑ ÿ¨.ÿß Ÿáÿ≥ÿ™ŸÜÿØ ŸÜ€åÿ≥ÿ™.ÿ≠ÿ™€å ÿÆÿ®ÿ±€å ÿßÿ≤ ⁄©ÿ¥ÿ™Ÿá ÿ¥ÿØ⁄ØÿßŸÜ ÿ≠ŸàÿßÿØÿ´ ÿßÿÆ€åÿ± ÿØ€å ŸÖÿßŸá ŸáŸÖ ŸÜ€åÿ≥ÿ™.ŸàŸÑ€å ÿ™Ÿà€å€åÿ™ Ÿáÿß€å ÿ¢ÿ®⁄©€å ÿßÿ®ÿ∑ÿ≠€å ÿßÿ≤ŸÜÿ∏ÿ±ÿß€åÿ¥ŸàŸÜ‚Ä¶,322
322,0.0,2018-06-09 23:38:11,1.0,0.0,0.0,nytimes,https://t.co/ah8V5d1pIg,323
323,0.0387,2018-06-09 23:38:11,0.668,0.183,0.149,nytimes,"RT @davidaxelrod: Confronting our friends and coddling our foes seems like a weird strategy.  But, hey, we‚Äôre talking about a guy who had a‚Ä¶",324
324,0.0,2018-06-09 23:38:11,1.0,0.0,0.0,nytimes,RT @Haitham_A_S: ŸÜŸäŸàŸäŸàÿ±ŸÉ ÿ™ÿßŸäŸÖÿ≤:ÿßŸÑÿ•ŸÑÿ™ÿ≤ÿßŸÖÿßÿ™ ÿßŸÑÿ™Ÿä ÿßÿ±ÿ≥ŸÑÿ™Ÿáÿß ÿßŸÑÿ•ÿ™ÿ≠ÿßÿØÿßÿ™ ÿßŸÑŸÉÿ±ŸàŸäÿ© ÿ•ŸÑŸâ ÿßŸÑÿØŸàŸÑ ÿßŸÑŸÖÿ±ÿ¥ÿ≠ÿ© ÿπŸÑŸâ ÿßÿ≥ÿ™ÿ∂ÿßŸÅÿ© #ŸÉÿ£ÿ≥_ÿßŸÑÿπÿßŸÑŸÖŸ¢Ÿ†Ÿ¢Ÿ¶ ŸàŸáŸä #ÿ£ŸÖÿ±ŸäŸÉÿß Ÿà #ŸÉŸÜÿØÿß‚Ä¶,325
325,0.0,2018-06-09 23:38:09,1.0,0.0,0.0,CBSNews,"RT @IamGMJohnson: They thought he was gay
They fed him animal feces
They beat him
They burned him with cigarettes
They thought he was gay‚Ä¶",326
326,-0.0516,2018-06-09 23:38:06,0.902,0.098,0.0,nytimes,RT @animationhistry: Pixar Co-Founder John Lasseter to Leave Disney After ‚ÄòMissteps‚Äô https://t.co/9D1GvmgfHe,327
327,0.0,2018-06-09 23:38:06,1.0,0.0,0.0,nytimes,This Exhibition in London Has Real Bite   via @NYTimes https://t.co/CrqUI2aG13,328
328,0.8225,2018-06-09 23:38:06,0.636,0.0,0.364,CBSNews,"@Angry_Margarita @CBSNews Yes, famous ones do have them to protect their intellectual property (images on tv, t-shirts, etc).",329
329,0.0,2018-06-09 23:38:05,1.0,0.0,0.0,nytimes,RT @MiaFarrow: Trump will meet Kim Jong-un without the presence of a White House science adviser or senior counselor trained in nuclear phy‚Ä¶,330
330,-0.4215,2018-06-09 23:38:05,0.813,0.125,0.062,BBCWorld,"RT @BBCWorld: Two men who look like Donald Trump and Kim Jong-un went for a walk in Singapore 
But are they fooling anyone? ü§î
https://t.co/‚Ä¶",331
331,-0.5994,2018-06-09 23:38:05,0.822,0.178,0.0,BBCWorld,"RT @mpitzke: Das meiste, was #Trump bei dieser ‚ÄúPressekonferenz‚Äú sagte, war frei erfunden, erlogen, falsch, unwissend, uninformiert oder be‚Ä¶",332
332,-0.168,2018-06-09 23:38:04,0.724,0.151,0.125,nytimes,"RT @nytimes: Who‚Äôs right, Elon Musk or Mark Zuckerberg? Is supersmart artificial intelligence a potential threat to humans, or a boon? http‚Ä¶",333
333,-0.0258,2018-06-09 23:38:04,0.584,0.212,0.204,nytimes,"RT @IanDunt: Powerful waves of national embarrassment, once again. https://t.co/60i9QB9QQw",334
334,0.0,2018-06-09 23:38:03,1.0,0.0,0.0,CBSNews,Another TRIPLE CROWN!! DAMN...has horse feed changed that much?? ü§îü§îüòÇ https://t.co/ePVPqXghuj,335
335,-0.7003,2018-06-09 23:38:03,0.734,0.266,0.0,nytimes,RT @President1Trump: Trump says U.S. will no longer be ‚Äòpiggy bank‚Äô for the world to Rob #AmericaFirst  https://t.co/7engmE8GUh,336
336,-0.296,2018-06-09 23:38:02,0.803,0.12,0.077,nytimes,"RT @peterbakernyt: ‚ÄúThe G-8 belongs to a certain era, and that era is over. That project has failed. The integration of Russia into the Wes‚Ä¶",337
337,0.5106,2018-06-09 23:38:01,0.852,0.0,0.148,nytimes,"New York Times, New York, New York, Wednesday, November 09, 1960

Penrose Tops Tal In Leipzig Chess
World Champion‚Ä¶ https://t.co/cxI9Z6sZFP",338
338,0.25,2018-06-09 23:38:00,0.803,0.08,0.117,nytimes,"RT @SenBlumenthal: Trump thinks the Russian bear is a big friendly pet while Putin, a KGB thug, eats his lunch. No seat at the table until‚Ä¶",339
339,-0.6705,2018-06-09 23:38:00,0.353,0.647,0.0,nytimes,I Have Post-Brokeness Stress Disorder https://t.co/rjCpu1RmkA,340
340,-0.3595,2018-06-09 23:38:00,0.801,0.199,0.0,nytimes,RT @jazzcorner: RIP Lorraine Gordon. You will be missed! https://t.co/UK8NW8G4OT https://t.co/UK8NW8G4OT,341
341,0.0,2018-06-09 23:37:58,1.0,0.0,0.0,CBSNews,"RT @IamGMJohnson: They thought he was gay
They fed him animal feces
They beat him
They burned him with cigarettes
They thought he was gay‚Ä¶",342
342,0.7269,2018-06-09 23:37:58,0.736,0.0,0.264,nytimes,RT @nytimes: Her $1 million gift left educators asking: How was one teacher able to save so much money?https://t.co/Vv8fhgbwWA,343
343,0.0,2018-06-09 23:37:58,1.0,0.0,0.0,CBSNews,"RT @IamGMJohnson: They thought he was gay
They fed him animal feces
They beat him
They burned him with cigarettes
They thought he was gay‚Ä¶",344
344,-0.296,2018-06-09 23:37:57,0.547,0.273,0.18,CBSNews,this is horrible. let water run 'til cool. https://t.co/W5jCgHO17k,345
345,0.3919,2018-06-09 23:37:57,0.757,0.11,0.133,nytimes,"RT @MaddowBlog: ""There is no evidence that Mr. Putin is dictating American policy. But it‚Äôs hard to imagine how he could do much better, ev‚Ä¶",346
346,-0.3612,2018-06-09 23:37:56,0.752,0.171,0.077,nytimes,"RT @nytimes: Anthony Bourdain‚Äôs death prompted an outpouring of grief and tributes from friends and fans. ""He taught us about food ‚Äî but mo‚Ä¶",347
347,0.0,2018-06-09 23:37:56,1.0,0.0,0.0,CBSNews,"Justify+captures+Triple+Crown,+wins+150th+Belmont+Stakes https://t.co/8PS9BRl0iO",348
348,-0.5321,2018-06-09 23:37:56,0.756,0.184,0.06,nytimes,"RT @StevePasquale: Never forget, through our national ptsd and exhaustion, who he is, and why we fight every day until he is gone forever.‚Ä¶",349
349,0.3455,2018-06-09 23:37:56,0.44,0.252,0.309,nytimes,RT @susanorlean: VERY helpful story: What to Do When a Loved One Is Severely Depressed  https://t.co/Tr7YGtyFGJ,350
350,0.0387,2018-06-09 23:37:55,0.668,0.183,0.149,nytimes,"RT @davidaxelrod: Confronting our friends and coddling our foes seems like a weird strategy.  But, hey, we‚Äôre talking about a guy who had a‚Ä¶",351
351,-0.3182,2018-06-09 23:37:55,0.827,0.173,0.0,nytimes,Lost John Coltrane Recording From 1963 Will Be Released at Last https://t.co/MaFFoBGBRE,352
352,-0.7269,2018-06-09 23:37:55,0.79,0.21,0.0,CBSNews,"RT @samwhiteout: They killed him because they thought he was gay.

He was 8.

Miss me with the ""you're overreacting"" when it comes to homop‚Ä¶",353
353,-0.5267,2018-06-09 23:37:54,0.72,0.191,0.089,CBSNews,"RT @CBSSunday: PREVIEW FOR SUNDAY MORNING

Suicide rates have increased more than 25% since 1999 

@mikeshinoda, co-founder of @linkinpark,‚Ä¶",354
354,0.0,2018-06-09 23:37:54,1.0,0.0,0.0,nytimes,"Waymo to Buy Up to 62,000 Chrysler Minivans for Ride-Hailing Service https://t.co/PNK0buR0Kn
#driver #drive #automobile #driving #sportcar",355
355,-0.9439,2018-06-09 23:37:54,0.466,0.534,0.0,nytimes,"RT @paulkrugman: Really, really bad. Trump is throwing a temper tantrum, threatening dire retaliation against our allies for high  tariffs‚Ä¶",356
356,0.5267,2018-06-09 23:37:53,0.82,0.0,0.18,nytimes,"RT @TomSteyer: On top of everything, the Trump Administration is trying to undo provisions of the ACA that protect consumers with pre-exist‚Ä¶",357
357,-0.5194,2018-06-09 23:37:52,0.749,0.251,0.0,nytimes,"RT @paulkrugman: Strange to say, I was not impressed by Trump's performance at the G7 https://t.co/YuwbtKaB2x",358
358,0.5574,2018-06-09 23:37:51,0.827,0.0,0.173,nytimes,"RT @syeddoha: #NYT: President Trump Thinks He Is a King.

Well @nytimes - like it or not - he is. 

That is what this republic chose. Remem‚Ä¶",359
359,0.8094,2018-06-09 23:37:51,0.577,0.0,0.423,nytimes,Nooo not Costco üò≠ they got the best watermelons!! https://t.co/KB2WYoQkJr,360
360,-0.5859,2018-06-09 23:37:51,0.78,0.22,0.0,CBSNews,RT @CBSNews: Fire department issues warning about kids getting burned by garden hoses left in the sun https://t.co/26BU9veuDz https://t.co/‚Ä¶,361
361,0.0,2018-06-09 23:37:50,1.0,0.0,0.0,CBSNews,"RT @IamGMJohnson: They thought he was gay
They fed him animal feces
They beat him
They burned him with cigarettes
They thought he was gay‚Ä¶",362
362,-0.5859,2018-06-09 23:37:49,0.833,0.167,0.0,CBSNews,"RT @Russian_Starr: So, Donald Trump said Barack Obama ""let Russia"" take Crimea. This is complete bullshit and here's why. https://t.co/RKFu‚Ä¶",363
363,-0.7269,2018-06-09 23:37:38,0.79,0.21,0.0,CBSNews,"RT @samwhiteout: They killed him because they thought he was gay.

He was 8.

Miss me with the ""you're overreacting"" when it comes to homop‚Ä¶",364
364,-0.4215,2018-06-09 23:37:37,0.813,0.125,0.062,BBCWorld,"RT @BBCWorld: Two men who look like Donald Trump and Kim Jong-un went for a walk in Singapore 
But are they fooling anyone? ü§î
https://t.co/‚Ä¶",365
365,0.0,2018-06-09 23:37:36,1.0,0.0,0.0,CBSNews,"RT @IamGMJohnson: They thought he was gay
They fed him animal feces
They beat him
They burned him with cigarettes
They thought he was gay‚Ä¶",366
366,0.0,2018-06-09 23:37:36,1.0,0.0,0.0,CBSNews,"RT @IamGMJohnson: They thought he was gay
They fed him animal feces
They beat him
They burned him with cigarettes
They thought he was gay‚Ä¶",367
367,0.0,2018-06-09 23:37:34,1.0,0.0,0.0,CBSNews,@RobertWhetsell https://t.co/kaL4kAMT2c,368
368,-0.5859,2018-06-09 23:37:34,0.78,0.22,0.0,CBSNews,RT @CBSNews: Fire department issues warning about kids getting burned by garden hoses left in the sun https://t.co/26BU9veuDz https://t.co/‚Ä¶,369
369,0.4404,2018-06-09 23:37:34,0.508,0.0,0.492,BBCWorld,@BBCWorld Hope so üòîüòî,370
370,0.0,2018-06-09 23:37:29,1.0,0.0,0.0,CBSNews,"RT @IamGMJohnson: They thought he was gay
They fed him animal feces
They beat him
They burned him with cigarettes
They thought he was gay‚Ä¶",371
371,-0.4767,2018-06-09 23:37:28,0.866,0.134,0.0,CBSNews,RT @kylegriffin1: This is a wild exchange between Trump and a CNN reporter (who Trump repeatedly calls 'fake news'). Trump says his relatio‚Ä¶,372
372,-0.0101,2018-06-09 23:37:28,0.799,0.102,0.099,BBCWorld,Sorry not sorry but I‚Äôll believe it when I see it. https://t.co/cH2TDhDCRy,373
373,0.0,2018-06-09 23:37:28,1.0,0.0,0.0,CBSNews,RT @EHines44: @JanzforCongress @DevinNunes is complicit in Trump coverup. Is the @FBI career employees afraid to pull the cover off @realDo‚Ä¶,374
374,0.0,2018-06-09 23:37:27,1.0,0.0,0.0,CBSNews,"RT @IamGMJohnson: They thought he was gay
They fed him animal feces
They beat him
They burned him with cigarettes
They thought he was gay‚Ä¶",375
375,-0.5859,2018-06-09 23:37:23,0.78,0.22,0.0,CBSNews,RT @CBSNews: Fire department issues warning about kids getting burned by garden hoses left in the sun https://t.co/26BU9veuDz https://t.co/‚Ä¶,376
376,0.8176,2018-06-09 23:37:23,0.717,0.0,0.283,CBSNews,"RT @CBSNews: Justify wins the 150th Belmont Stakes, becoming the 13th horse in history to win the Triple Crown https://t.co/0NO3ihaHKB http‚Ä¶",377
377,-0.4199,2018-06-09 23:37:22,0.589,0.411,0.0,CBSNews,@CBSNews Trump fighting for Americans!,378
378,0.0,2018-06-09 23:37:20,1.0,0.0,0.0,CBSNews,"RT @IamGMJohnson: They thought he was gay
They fed him animal feces
They beat him
They burned him with cigarettes
They thought he was gay‚Ä¶",379
379,-0.5267,2018-06-09 23:37:18,0.72,0.191,0.089,CBSNews,"RT @CBSSunday: PREVIEW FOR SUNDAY MORNING

Suicide rates have increased more than 25% since 1999 

@mikeshinoda, co-founder of @linkinpark,‚Ä¶",380
380,0.0,2018-06-09 23:37:18,1.0,0.0,0.0,CBSNews,TRUMP BLASTS CANADA'S TRUDEAU FOR 'FALSE STATEMENTS'... https://t.co/RPT4J6fixx,381
381,0.8176,2018-06-09 23:37:17,0.717,0.0,0.283,CBSNews,"RT @CBSNews: Justify wins the 150th Belmont Stakes, becoming the 13th horse in history to win the Triple Crown https://t.co/0NO3ihaHKB http‚Ä¶",382
382,0.0,2018-06-09 23:37:15,1.0,0.0,0.0,CBSNews,@CBSNews JC!!!!,383
383,0.0,2018-06-09 23:37:11,0.75,0.125,0.125,BBCWorld,"@truthliketruth @Twitter @twitter are like @BBCMonitoring and @BBCWorld - they prefer to ignore real news - 
they a‚Ä¶ https://t.co/b59CXlwMLS",384
384,0.6249,2018-06-09 23:37:09,0.549,0.0,0.451,CBSNews,Great yearbook picture. üê∂ https://t.co/QwIqHKNoKc,385
385,-0.4215,2018-06-09 23:37:04,0.813,0.125,0.062,BBCWorld,"RT @BBCWorld: Two men who look like Donald Trump and Kim Jong-un went for a walk in Singapore 
But are they fooling anyone? ü§î
https://t.co/‚Ä¶",386
386,-0.5859,2018-06-09 23:37:03,0.78,0.22,0.0,CBSNews,RT @CBSNews: Fire department issues warning about kids getting burned by garden hoses left in the sun https://t.co/26BU9veuDz https://t.co/‚Ä¶,387
387,0.0,2018-06-09 23:37:03,1.0,0.0,0.0,CBSNews,"RT @IamGMJohnson: They thought he was gay
They fed him animal feces
They beat him
They burned him with cigarettes
They thought he was gay‚Ä¶",388
388,-0.4215,2018-06-09 23:37:01,0.813,0.125,0.062,BBCWorld,"RT @BBCWorld: Two men who look like Donald Trump and Kim Jong-un went for a walk in Singapore 
But are they fooling anyone? ü§î
https://t.co/‚Ä¶",389
389,0.0,2018-06-09 23:37:00,1.0,0.0,0.0,CBSNews,"RT @IamGMJohnson: They thought he was gay
They fed him animal feces
They beat him
They burned him with cigarettes
They thought he was gay‚Ä¶",390
390,-0.3818,2018-06-09 23:37:00,0.822,0.178,0.0,CBSNews,"RT @InSpiteOfTrump: Trudeau, Trump continue fight on trade after Trump leaves G7 https://t.co/AVIH26zuRr",391
391,-0.7231,2018-06-09 23:37:00,0.569,0.431,0.0,BBCWorld,"Because fuck the boys, they don't need it :^) https://t.co/ZV5FykPiTu",392
392,0.5777,2018-06-09 23:36:55,0.616,0.0,0.384,CBSNews,Lmaooooo why is this so funny https://t.co/ZcJJQ1bETY,393
393,0.0,2018-06-09 23:36:52,1.0,0.0,0.0,CBSNews,"RT @IamGMJohnson: They thought he was gay
They fed him animal feces
They beat him
They burned him with cigarettes
They thought he was gay‚Ä¶",394
394,-0.296,2018-06-09 23:36:51,0.855,0.145,0.0,BBCWorld,"No wonder Trump left early, can‚Äôt be spending ‚Äúhis‚Äù money on girls education. https://t.co/ec2LWSsaUr",395
395,0.0,2018-06-09 23:36:49,1.0,0.0,0.0,CBSNews,RT @CBSNews: Doctors told her parents she likely wouldn't live long‚Äî then that she would never walk. This 19-year-old with cerebral palsy s‚Ä¶,396
396,-0.4019,2018-06-09 23:36:46,0.886,0.114,0.0,BBCWorld,"RT @Naijadailyfeed: This brother was just robbed by SARS, he had to lose N10,000 before being released
#EndSARS @AJStream @CNN @BBC @Amnest‚Ä¶",397
397,-0.5859,2018-06-09 23:36:45,0.78,0.22,0.0,CBSNews,RT @CBSNews: Fire department issues warning about kids getting burned by garden hoses left in the sun https://t.co/26BU9veuDz https://t.co/‚Ä¶,398
398,0.0,2018-06-09 23:36:44,1.0,0.0,0.0,CBSNews,"RT @IamGMJohnson: They thought he was gay
They fed him animal feces
They beat him
They burned him with cigarettes
They thought he was gay‚Ä¶",399
399,-0.5106,2018-06-09 23:36:42,0.719,0.281,0.0,CBSNews,"Report reveals Florida stopped doing gun permit checks for more than a year 
https://t.co/tff5c9dC33",400
400,0.0,2018-06-09 23:36:41,1.0,0.0,0.0,CBSNews,"RT @IamGMJohnson: They thought he was gay
They fed him animal feces
They beat him
They burned him with cigarettes
They thought he was gay‚Ä¶",401
401,-0.3786,2018-06-09 23:36:41,0.841,0.159,0.0,CBSNews,"The dumbing of humans, is REAL!
Evidence is EVERYWHERE! 
Cant even find the strike zone w/o a little box around it https://t.co/35w1qJuCYN",402
402,0.0,2018-06-09 23:36:40,1.0,0.0,0.0,CBSNews,"RT @IamGMJohnson: They thought he was gay
They fed him animal feces
They beat him
They burned him with cigarettes
They thought he was gay‚Ä¶",403
403,0.0,2018-06-09 23:36:34,1.0,0.0,0.0,BBCWorld,ÿßŸÑÿ™ÿ∫ÿ±ŸäÿØÿ© ÿßŸÑŸÖÿ±ŸÅŸÇÿ© ŸÑŸÄBBC ÿßŸÑÿßÿÆÿ®ÿßÿ±Ÿäÿ© ŸÖŸÇÿ∑ÿπ ŸÑŸÅÿµŸÑ ÿßÿ≥ÿ™ÿ≠ÿØÿ´ ÿπŸÑŸâ ŸáÿßŸÖÿ¥ ÿ®ÿ∑ŸàŸÑÿ© ŸÉÿßÿ≥ ÿßŸÑÿπÿßŸÑŸÖ Ÿ¢Ÿ†Ÿ°Ÿ® ŸÑÿ™ÿØÿ±Ÿäÿ® ÿßŸÑŸÖÿ≥ÿ§ŸàŸÑŸäŸÜ ŸÅŸä ŸÖÿ≠ÿ∑ÿßÿ™ ÿßŸÑŸÖŸàÿßÿµŸÑÿß‚Ä¶ https://t.co/aVpkDPA41Q,404
404,-0.5267,2018-06-09 23:36:33,0.72,0.191,0.089,CBSNews,"RT @CBSSunday: PREVIEW FOR SUNDAY MORNING

Suicide rates have increased more than 25% since 1999 

@mikeshinoda, co-founder of @linkinpark,‚Ä¶",405
405,0.0,2018-06-09 23:36:30,1.0,0.0,0.0,CBSNews,This horse is unreal. https://t.co/vrnuHOMjnB,406
406,0.0,2018-06-09 23:36:30,1.0,0.0,0.0,CBSNews,"RT @IamGMJohnson: They thought he was gay
They fed him animal feces
They beat him
They burned him with cigarettes
They thought he was gay‚Ä¶",407
407,0.4466,2018-06-09 23:36:26,0.866,0.0,0.134,CBSNews,"RT @48hours: ‚ÄúI think that Harold Henthorn pushed my sister off the mountain.‚Äù

JOIN US TONIGHT FOR A DOUBLE FEATURE: https://t.co/IqaA27WJ‚Ä¶",408
408,0.0,2018-06-09 23:36:25,1.0,0.0,0.0,CBSNews,"RT @IamGMJohnson: They thought he was gay
They fed him animal feces
They beat him
They burned him with cigarettes
They thought he was gay‚Ä¶",409
409,0.0,2018-06-09 23:36:25,1.0,0.0,0.0,CBSNews,"RT @IamGMJohnson: They thought he was gay
They fed him animal feces
They beat him
They burned him with cigarettes
They thought he was gay‚Ä¶",410
410,0.0,2018-06-09 23:36:24,1.0,0.0,0.0,CBSNews,"RT @IamGMJohnson: They thought he was gay
They fed him animal feces
They beat him
They burned him with cigarettes
They thought he was gay‚Ä¶",411
411,0.0,2018-06-09 23:36:24,1.0,0.0,0.0,CBSNews,"RT @IamGMJohnson: They thought he was gay
They fed him animal feces
They beat him
They burned him with cigarettes
They thought he was gay‚Ä¶",412
412,0.6239,2018-06-09 23:36:21,0.55,0.0,0.45,CBSNews,@CBSNews @cbschicago That‚Äôs Amazing! ‚ô•Ô∏è,413
413,-0.7269,2018-06-09 23:36:19,0.79,0.21,0.0,CBSNews,"RT @samwhiteout: They killed him because they thought he was gay.

He was 8.

Miss me with the ""you're overreacting"" when it comes to homop‚Ä¶",414
414,-0.5859,2018-06-09 23:36:18,0.78,0.22,0.0,CBSNews,RT @CBSNews: Fire department issues warning about kids getting burned by garden hoses left in the sun https://t.co/26BU9veuDz https://t.co/‚Ä¶,415
415,0.0,2018-06-09 23:36:18,1.0,0.0,0.0,CBSNews,"RT @IamGMJohnson: They thought he was gay
They fed him animal feces
They beat him
They burned him with cigarettes
They thought he was gay‚Ä¶",416
416,-0.5859,2018-06-09 23:36:15,0.78,0.22,0.0,CBSNews,RT @CBSNews: Fire department issues warning about kids getting burned by garden hoses left in the sun https://t.co/26BU9veuDz https://t.co/‚Ä¶,417
417,0.0,2018-06-09 23:36:15,1.0,0.0,0.0,CBSNews,@CBSNews Weed?,418
418,0.5574,2018-06-09 23:36:14,0.753,0.0,0.247,CBSNews,"RT @CBSNews: Trump says he may pardon Muhammad Ali, who does not need a pardon https://t.co/CSfrmCESau https://t.co/lEbE35xvkE",419
419,-0.5859,2018-06-09 23:36:12,0.78,0.22,0.0,CBSNews,RT @CBSNews: Fire department issues warning about kids getting burned by garden hoses left in the sun https://t.co/26BU9veuDz https://t.co/‚Ä¶,420
420,0.8176,2018-06-09 23:36:12,0.717,0.0,0.283,CBSNews,"RT @CBSNews: Justify wins the 150th Belmont Stakes, becoming the 13th horse in history to win the Triple Crown https://t.co/0NO3ihaHKB http‚Ä¶",421
421,0.1511,2018-06-09 23:36:11,0.8,0.088,0.112,CBSNews,"RT @Ocasio2018: When #abolishICE and no corporate money makes it your local station!

Thank you @CBSNLive &amp; @TanyaRivero for having me on.‚Ä¶",422
422,0.3612,2018-06-09 23:36:03,0.872,0.0,0.128,BBCWorld,"RT @BBCWorld: Russian workers being taught how to smile more ahead of the World Cup 
‚ò∫Ô∏è‚ò∫Ô∏è
https://t.co/WBNlLAf9Nt https://t.co/uyLxrpKct6",423
423,-0.3855,2018-06-09 23:36:03,0.851,0.149,0.0,BBCWorld,@PrisonPlanet Why don't you support #freetommy ? Why have you not covered it? I genuinely don't understand.‚Ä¶ https://t.co/BeUQaUiE5S,424
424,0.0,2018-06-09 23:35:56,1.0,0.0,0.0,BBCWorld,@JOKIAS1 @KildayMorgan @BBCWorld He's actually making an effort unlike the last 3....,425
425,0.0258,2018-06-09 23:35:38,0.948,0.0,0.052,BBCWorld,"Rev @BBCWorld
I saw this on the BBC and thought you should see it:
G7 commits to 'rules-based trading system' despi‚Ä¶ https://t.co/u6cR9uw8dZ",426
426,0.2216,2018-06-09 23:35:03,0.874,0.0,0.126,BBCWorld,@BBCWorld So many conditional pledges! They don't pay anything for the sake of humanity!,427
427,-0.4215,2018-06-09 23:34:52,0.813,0.125,0.062,BBCWorld,"RT @BBCWorld: Two men who look like Donald Trump and Kim Jong-un went for a walk in Singapore 
But are they fooling anyone? ü§î
https://t.co/‚Ä¶",428
428,0.3612,2018-06-09 23:34:43,0.872,0.0,0.128,BBCWorld,"RT @BBCWorld: Russian workers being taught how to smile more ahead of the World Cup 
‚ò∫Ô∏è‚ò∫Ô∏è
https://t.co/WBNlLAf9Nt https://t.co/uyLxrpKct6",429
429,0.128,2018-06-09 23:34:41,0.323,0.312,0.366,BBCWorld,@BBCWorld Indirectly encouraging boy illiteracy,430
430,-0.296,2018-06-09 23:34:39,0.905,0.095,0.0,BBCWorld,RT @mobi5417: Amazingly it was recorded on 4 Dec 2009 no as originally I mentioned in 2014.Last 3 mins would explain y #PTM all of a sudden‚Ä¶,431
431,0.2732,2018-06-09 23:34:39,0.605,0.149,0.247,BBCWorld,"RT @ajridgeley: God didn't give it, you did my old friend. 
Cleft with grief. 
A xx https://t.co/yPzbB3rDGE",432
432,0.2577,2018-06-09 23:34:17,0.816,0.0,0.184,BBCWorld,@BBCWorld That means they aren't real in meeting PLZ clarify,433
433,0.4069,2018-06-09 23:34:05,0.621,0.143,0.237,BBCWorld,"RT @Harinzeyart: HELP SPREAD THE WORD! 

DAILY, INNOCENT NIGERIANS ARE ASSAULTED BY FEDERAL SARS... PEOPLE HAVE BEEN SHOT, MANY HAVE DIED..‚Ä¶",434
434,0.0,2018-06-09 23:33:43,1.0,0.0,0.0,BBCWorld,@nbcsnl https://t.co/0wq3izSueY,435
435,0.0,2018-06-09 23:33:36,1.0,0.0,0.0,BBCWorld,@saidalammahsud @OfficialDGISPR @UN @UNHumanRights @hrw @amnesty @BBCWorld @HamidMirPAK ÿßÿ≥ ⁄©ÿß ÿ¨Ÿàÿßÿ® ÿßÿ® ÿßŸÜ ⁄©€í Ÿæÿßÿ≥ ŸÜ€Å€å‚Ä¶ https://t.co/i94hDp32qY,436
436,-0.2023,2018-06-09 23:33:07,0.61,0.22,0.171,BBCWorld,@BBCWorld I shudder to think what kind of behavior could merit a lifetime ban.,437
437,-0.4215,2018-06-09 23:33:05,0.813,0.125,0.062,BBCWorld,"RT @BBCWorld: Two men who look like Donald Trump and Kim Jong-un went for a walk in Singapore 
But are they fooling anyone? ü§î
https://t.co/‚Ä¶",438
438,0.0,2018-06-09 23:33:02,1.0,0.0,0.0,BBCWorld,"RT @OtherSide_TRUTH: #Womens ?
#WomenEmpowerment ?
#womenshealth ?
#WomenRule ?

Mother beat 4 yr old daughter

#RespectHumanNotGender
@amn‚Ä¶",439
439,-0.7096,2018-06-09 23:32:57,0.772,0.228,0.0,BBCWorld,"RT @Naijadailyfeed: This is the new way SARS (Special anti robbery squad) rob Nigerians. We need assistance
#EndSARS @AJStream @CNN @BBC @A‚Ä¶",440
440,0.0,2018-06-09 23:32:54,1.0,0.0,0.0,BBCWorld,RT @danfalk: Has a new fundamental particle been found? (Short answer: Maybe! But extraordinary claims require extraordinary evidence... we‚Ä¶,441
441,0.296,2018-06-09 23:32:46,0.879,0.0,0.121,BBCWorld,"RT @esther_neh: @UKinCameroon @tradegovuk @KateElmesRudd @rowanlaxtonFCO @MikeKimbi Qs
1) You talked about creating jobs. For whom? Cameroo‚Ä¶",442
442,-0.4215,2018-06-09 23:32:44,0.813,0.125,0.062,BBCWorld,"RT @BBCWorld: Two men who look like Donald Trump and Kim Jong-un went for a walk in Singapore 
But are they fooling anyone? ü§î
https://t.co/‚Ä¶",443
443,0.0,2018-06-09 23:32:39,1.0,0.0,0.0,BBCWorld,"RT @baphomed75: Hem de fer viral aquest video de @TYellows que arribi ben lluny!
#LlibertatPresosPolitics #FreeCatalanPoliticalPrisoners 
@‚Ä¶",444
444,0.0,2018-06-09 23:32:17,1.0,0.0,0.0,BBCWorld,@Mr_Hardey @CNN @BBCWorld,445
445,0.0,2018-06-09 23:32:17,1.0,0.0,0.0,BBCWorld,RT @rozabotan73: Arkada≈ülar Twitter‚Äôda ilk sƒ±raya yerle≈ümeli bir yolda≈üƒ±mƒ±zƒ±n katli i√ßin geri sayƒ±m ba≈üladƒ± bunu engellemeliyiz destek vere‚Ä¶,446
446,-0.3182,2018-06-09 23:32:14,0.467,0.327,0.206,BBCWorld,@Lopedeloslobos @Anglojew @BBCWorld Ok now I feel bad.,447
447,-0.4215,2018-06-09 23:32:08,0.813,0.125,0.062,BBCWorld,"RT @BBCWorld: Two men who look like Donald Trump and Kim Jong-un went for a walk in Singapore 
But are they fooling anyone? ü§î
https://t.co/‚Ä¶",448
448,0.3612,2018-06-09 23:32:08,0.872,0.0,0.128,BBCWorld,"RT @BBCWorld: Russian workers being taught how to smile more ahead of the World Cup 
‚ò∫Ô∏è‚ò∫Ô∏è
https://t.co/WBNlLAf9Nt https://t.co/uyLxrpKct6",449
449,-0.4215,2018-06-09 23:32:02,0.813,0.125,0.062,BBCWorld,"RT @BBCWorld: Two men who look like Donald Trump and Kim Jong-un went for a walk in Singapore 
But are they fooling anyone? ü§î
https://t.co/‚Ä¶",450
450,0.3612,2018-06-09 23:31:48,0.857,0.0,0.143,BBCWorld,"Russian workers being taught how to smile more ahead of the World Cup 
‚ò∫Ô∏è‚ò∫Ô∏è
https://t.co/9lvKwMOnwr https://t.co/a40WPeXPvv",451
451,0.3612,2018-06-09 23:31:42,0.872,0.0,0.128,BBCWorld,"RT @BBCWorld: Russian workers being taught how to smile more ahead of the World Cup 
‚ò∫Ô∏è‚ò∫Ô∏è
https://t.co/WBNlLAf9Nt https://t.co/uyLxrpKct6",452
452,0.4404,2018-06-09 23:31:37,0.884,0.0,0.116,BBCWorld,@BBCWorld Hope that they don't have to study history at a young age . it can be a lot to think back on while making‚Ä¶ https://t.co/0LZH4wug9t,453
453,-0.0772,2018-06-09 23:31:35,0.933,0.067,0.0,BBCWorld,"@2dayboi @Anglojew @BBCWorld Sorry, I'm from the UK and don't understand the references. Are US political ideas rea‚Ä¶ https://t.co/E2gLN2OruO",454
454,0.0,2018-06-09 23:31:24,1.0,0.0,0.0,BBCWorld,@jobsmine13 @BBCWorld Could you provide a source for that?,455
455,0.0,2018-06-09 23:31:23,1.0,0.0,0.0,BBCWorld,RT @Marlene_Senna: FIM DO BRASIL pa√≠s governado por uma quadrilha e com prote√ß√£o do judici√°rio partid√°rio @lemonde_pol @guardian @TheEconom‚Ä¶,456
456,0.3182,2018-06-09 23:31:11,0.796,0.0,0.204,BBCWorld,"@Lopedeloslobos @2dayboi @BBCWorld Please give examples of ""most of them""",457
457,0.3612,2018-06-09 23:30:55,0.872,0.0,0.128,BBCWorld,"RT @BBCWorld: Russian workers being taught how to smile more ahead of the World Cup 
‚ò∫Ô∏è‚ò∫Ô∏è
https://t.co/WBNlLAf9Nt https://t.co/uyLxrpKct6",458
458,-0.4215,2018-06-09 23:30:40,0.813,0.125,0.062,BBCWorld,"RT @BBCWorld: Two men who look like Donald Trump and Kim Jong-un went for a walk in Singapore 
But are they fooling anyone? ü§î
https://t.co/‚Ä¶",459
459,0.0,2018-06-09 23:30:34,1.0,0.0,0.0,BBCWorld,RT @JcpLq2: @kyugreen09 @jungkye @parkdonghe @dolparinq @kyc7006 @realDonaldTrump @Ttaeyeon39 @CNN @nytimes @BBCWorld @markoh7805 @kyc92118‚Ä¶,460
460,0.0,2018-06-09 23:30:32,1.0,0.0,0.0,BBCWorld,@maximors44 @guardian @TheEconomist @ScotNational @TimesofIsrael @nytimesworld @latimes @japantimes @BBCWorld @welt‚Ä¶ https://t.co/7DHikq1jTU,461
461,0.5411,2018-06-09 23:30:27,0.851,0.0,0.149,BBCWorld,RT @saidalammahsud: @OfficialDGISPR !we know how Manzoor Ahmad Mahsud became Manzoor Ahmad Pashteen. Kindly go to his face book profile u w‚Ä¶,462
462,-0.7096,2018-06-09 23:30:21,0.772,0.228,0.0,BBCWorld,"RT @Naijadailyfeed: This is the new way SARS (Special anti robbery squad) rob Nigerians. We need assistance
#EndSARS @AJStream @CNN @BBC @A‚Ä¶",463
463,0.0,2018-06-09 23:30:20,1.0,0.0,0.0,BBCWorld,@realDonaldTrump; @statedeptspox; @StateDept; @nikkihaley; @CENTCOMArabic; @CENTCOMFarsi ; @DeptofDefense; @USArmy;‚Ä¶ https://t.co/beSOCurx5u,464
464,0.0,2018-06-09 23:30:17,1.0,0.0,0.0,BBCWorld,@kyugreen09 @jungkye @parkdonghe @dolparinq @kyc7006 @realDonaldTrump @Ttaeyeon39 @CNN @nytimes @BBCWorld‚Ä¶ https://t.co/MA3nN5BYxH,465
465,-0.802,2018-06-09 23:30:06,0.676,0.324,0.0,BBCWorld,"@BBCWorld üî∞:
#TripleCrown #IRAQ Approximately 24 Shi‚Äôite individuals are killed and injured after detonating an exp‚Ä¶ https://t.co/wkBXoauUqS",466
466,-0.4215,2018-06-09 23:29:59,0.813,0.125,0.062,BBCWorld,"RT @BBCWorld: Two men who look like Donald Trump and Kim Jong-un went for a walk in Singapore 
But are they fooling anyone? ü§î
https://t.co/‚Ä¶",467
467,0.3612,2018-06-09 23:29:32,0.872,0.0,0.128,BBCWorld,"RT @BBCWorld: Russian workers being taught how to smile more ahead of the World Cup 
‚ò∫Ô∏è‚ò∫Ô∏è
https://t.co/WBNlLAf9Nt https://t.co/uyLxrpKct6",468
468,-0.0516,2018-06-09 23:29:31,0.739,0.135,0.126,BBCWorld,"@guardian
@BBCWorld

Every night since he was arrested without evidence, hundreds of people say good night to Luis‚Ä¶ https://t.co/f2csbGVBox",469
469,0.0,2018-06-09 23:29:27,1.0,0.0,0.0,BBCWorld,@Lopedeloslobos @2dayboi @BBCWorld Cultural Marxism,470
470,0.3612,2018-06-09 23:29:19,0.872,0.0,0.128,BBCWorld,"RT @BBCWorld: Russian workers being taught how to smile more ahead of the World Cup 
‚ò∫Ô∏è‚ò∫Ô∏è
https://t.co/WBNlLAf9Nt https://t.co/uyLxrpKct6",471
471,-0.4215,2018-06-09 23:29:15,0.813,0.125,0.062,BBCWorld,"RT @BBCWorld: Two men who look like Donald Trump and Kim Jong-un went for a walk in Singapore 
But are they fooling anyone? ü§î
https://t.co/‚Ä¶",472
472,0.7506,2018-06-09 23:28:56,0.748,0.0,0.252,BBCWorld,RT @350Mass: ‚ÄúOur desire to ensure energy for all must not lead to the undesired effect of a spiral of extreme climate changes due to a cat‚Ä¶,473
473,0.0,2018-06-09 23:28:46,1.0,0.0,0.0,BBCWorld,@BBCWorld @11_kevin_,474
474,0.6808,2018-06-09 23:28:17,0.781,0.0,0.219,BBCWorld,RT @ScottieMcClue: Scottie McClue Speaks On Behalf Of The People Of #Scotland In Wishing Her Majesty The #Queen A Happy 92nd Official #Birt‚Ä¶,475
475,0.0,2018-06-09 23:28:12,1.0,0.0,0.0,BBCWorld,RT @MumtazCeltik: @SalehMaslem @EmmanuelMacron @FedericaMog @NATO @WhiteHouse @StateDept @SenJohnMcCain @PentagonPresSec @brett_mcgurk @CFR‚Ä¶,476
476,0.0,2018-06-09 23:28:08,1.0,0.0,0.0,BBCWorld,RT @MumtazCeltik: @SalehMaslem @EmmanuelMacron @FedericaMog @NATO @WhiteHouse @StateDept @SenJohnMcCain @PentagonPresSec @brett_mcgurk @CFR‚Ä¶,477
477,-0.7096,2018-06-09 23:27:58,0.772,0.228,0.0,BBCWorld,"RT @Naijadailyfeed: This is the new way SARS (Special anti robbery squad) rob Nigerians. We need assistance
#EndSARS @AJStream @CNN @BBC @A‚Ä¶",478
478,0.4404,2018-06-09 23:27:35,0.805,0.0,0.195,BBCWorld,RT @sal_b2bg: @SJCREconomics if millennium goals come up this is a good stat https://t.co/vidPdryMxh,479
479,0.0,2018-06-09 23:27:35,1.0,0.0,0.0,BBCWorld,"@CloverDunne @shane_malley @BBCWorld Homophobic are you real ?
What have I said that‚Äôs homophobic I know the Irish‚Ä¶ https://t.co/CNNMnWF5Nv",480
480,-0.296,2018-06-09 23:27:15,0.845,0.155,0.0,BBCWorld,"RT @ninraut: No #FathersDay 
@rashtrapatibhvn @PMOIndia @rsprasad @HRDMinistry @MinistryWCD @INSupremeCourt @UNICEF @facebook @TweeterSuppo‚Ä¶",481
481,0.3612,2018-06-09 23:27:15,0.872,0.0,0.128,BBCWorld,"RT @BBCWorld: Russian workers being taught how to smile more ahead of the World Cup 
‚ò∫Ô∏è‚ò∫Ô∏è
https://t.co/WBNlLAf9Nt https://t.co/uyLxrpKct6",482
482,0.3612,2018-06-09 23:27:07,0.872,0.0,0.128,BBCWorld,"RT @BBCWorld: Russian workers being taught how to smile more ahead of the World Cup 
‚ò∫Ô∏è‚ò∫Ô∏è
https://t.co/WBNlLAf9Nt https://t.co/uyLxrpKct6",483
483,0.4404,2018-06-09 23:27:07,0.775,0.0,0.225,BBCWorld,@SJCREconomics if millennium goals come up this is a good stat https://t.co/vidPdryMxh,484
484,0.3612,2018-06-09 23:26:57,0.872,0.0,0.128,BBCWorld,"RT @BBCWorld: Russian workers being taught how to smile more ahead of the World Cup 
‚ò∫Ô∏è‚ò∫Ô∏è
https://t.co/WBNlLAf9Nt https://t.co/uyLxrpKct6",485
485,0.0,2018-06-09 23:26:40,1.0,0.0,0.0,BBCWorld,RT @wuzuolai: Â¶ÇÊûúÊúâÊó†Êï∞ÁöÑ‰∫∫ÂêåÊó∂Âú®Â§ßÂπøÂú∫‰∏äÂ§ßÂì≠ÊàñÂ§ßÁ¨ëÔºåÊòØ‰∏çÊòØ‰πüÂæàÈúáÊíº„ÄÇ https://t.co/UuDjQThxaX,486
486,0.0,2018-06-09 23:26:34,1.0,0.0,0.0,BBCWorld,#EndSARS #EndSARS #EndSARS @NGRSenate @bukolasaraki @YakubDogara @BBCWorld,487
487,-0.7096,2018-06-09 23:26:31,0.772,0.228,0.0,BBCWorld,"RT @Naijadailyfeed: This is the new way SARS (Special anti robbery squad) rob Nigerians. We need assistance
#EndSARS @AJStream @CNN @BBC @A‚Ä¶",488
488,0.3612,2018-06-09 23:26:30,0.872,0.0,0.128,BBCWorld,"RT @BBCWorld: Russian workers being taught how to smile more ahead of the World Cup 
‚ò∫Ô∏è‚ò∫Ô∏è
https://t.co/WBNlLAf9Nt https://t.co/uyLxrpKct6",489
489,-0.8689,2018-06-09 23:26:27,0.532,0.39,0.078,BBCWorld,"Thought Provoking, Bourdain commit Suicide or did Dotard, NRA, Russian spy kill Bourdain for voicing his opinion &amp;‚Ä¶ https://t.co/lbHbn5q4OK",490
490,0.0,2018-06-09 23:26:21,1.0,0.0,0.0,BBCWorld,ÂÖ±‰∫ßÂõΩÂÆ∂ÈÉΩÈúÄË¶ÅËÆ≠ÁªÉÂ¶Ç‰Ωï‚ÄúÂæÆÁ¨ë‚Äùüòä„ÄÇ‚ÄúÂÖ®Ê∞ëÂÖ±Á¨ë‚ÄùÔºü https://t.co/IfSYrazVp7,491
491,0.3612,2018-06-09 23:26:07,0.872,0.0,0.128,BBCWorld,"RT @BBCWorld: Russian workers being taught how to smile more ahead of the World Cup 
‚ò∫Ô∏è‚ò∫Ô∏è
https://t.co/WBNlLAf9Nt https://t.co/uyLxrpKct6",492
492,0.0,2018-06-09 23:26:05,1.0,0.0,0.0,BBCWorld,"RT @ianbremmer: Will the #G7 become the G6? 

My thoughts on it for @BBCWorld  https://t.co/STTSmX61wu",493
493,0.3612,2018-06-09 23:25:59,0.872,0.0,0.128,BBCWorld,"RT @BBCWorld: Russian workers being taught how to smile more ahead of the World Cup 
‚ò∫Ô∏è‚ò∫Ô∏è
https://t.co/WBNlLAf9Nt https://t.co/uyLxrpKct6",494
494,-0.836,2018-06-09 23:25:57,0.611,0.389,0.0,BBCWorld,"RT @ivbaoshi: @ianbremmer @BBCWorld Euro debt trap, Italy migrant crisis, and now a sharp turn towards the alt-right.",495
495,0.0,2018-06-09 23:25:52,1.0,0.0,0.0,BBCWorld,RT @Bilishe: Â∑ùÊôÆÊºîËÆ≤Êó∂ÔºåÊèêÂà∞‰∫ÜÂÆâÂÄçÂíåÊñáÂú®ÂØÖÔºåÊèêÂà∞‰∫ÜÈü©ÂõΩÂåóÊúùÈ≤úÂíåÊó•Êú¨ÔºåÊèêÂà∞‰∫ÜÊúùÈ≤úÂçäÂ≤õÂíåÂÖ®‰∏ñÁïåÂíåÂπ≥„ÄÇÊàëÊÄªÊÑüËßâÁº∫ÁÇπ‰ªÄ‰πà‰∏úË•øÊ≤°ÊèêÂà∞„ÄÇÂæàÊòæÁÑ∂ÔºåÊüê‰∫õÂõΩÂÆ∂ÂâäÂ∞ñËÑëË¢ãÂæÄÈáåÂáëÂêàÔºåÊÉ≥ÊãøÊúùÈ≤úÂΩìÁâåÔºåÁªìÊûúËøòÊòØË¢´ËæπÁºòÂåñ‰∫ÜÔºåËØ¥ÁôΩ‰∫ÜÂ∞±ÊòØ‰∫∫ÂÆ∂‰∏çÂ∏¶‰Ω†Áé©‰∫Ü https://t.co/fxZYJRi4ll,496
496,0.0,2018-06-09 23:25:45,1.0,0.0,0.0,BBCWorld,8ÊôÇ„ÅÆÊã°Êï£ÔºÅ„É°„Ç§Ëã±ÂõΩÈ¶ñÁõ∏‰∏¶„Å≥„Å´„Ç§„ÇÆ„É™„Çπ„ÅÆÁöÜ„Åï„Çì„ÄÅÊó•Êú¨ÂõΩÊ∞ë„ÅØÊó•Á´ã„Åå„Ç§„ÇÆ„É™„Çπ„Å´ÂéüÁô∫„ÇíËº∏Âá∫„Åô„Çã„ÅÆ„Å´ÂèçÂØæ„Åó„Å¶„ÅÑ„Åæ„Åô„ÄÇÂëΩ„Å®ÂõΩÂúü„ÇíÊ±ö„ÅôÂéüÁô∫„ÅØÂêàÁêÜÁöÑÁô∫ÈõªÊñπÊ≥ï„Åß„ÅØ„ÅÇ„Çä„Åæ„Åõ„Çì„ÄÇÁ¶èÂ≥∂„ÇÇ„ÉÅ„Çß„É´„Éé„Éñ„Ç§„É™„ÇÇËß£Ê±∫„Åó„Å¶„ÅÑ„Åæ„Åõ„Çì„ÄÇÊó•Á´ã„Åã„ÇâÂéüÁô∫„ÇíË≤∑„Çè„Å™„ÅÑ„Åß„Åè„Å†„Åï„ÅÑ‚Ä¶ https://t.co/ItSA7rOLo0,497
497,0.0258,2018-06-09 23:25:31,0.793,0.101,0.106,BBCWorld,"RT @BBCWorld: Inside Afghanistan's only secure psychiatric unit.  The BBC investigates the lasting effects of conflict in the country. 
(Th‚Ä¶",498
498,-0.4215,2018-06-09 23:25:27,0.813,0.125,0.062,BBCWorld,"RT @BBCWorld: Two men who look like Donald Trump and Kim Jong-un went for a walk in Singapore 
But are they fooling anyone? ü§î
https://t.co/‚Ä¶",499
499,0.3612,2018-06-09 23:25:12,0.872,0.0,0.128,BBCWorld,"RT @BBCWorld: Russian workers being taught how to smile more ahead of the World Cup 
‚ò∫Ô∏è‚ò∫Ô∏è
https://t.co/WBNlLAf9Nt https://t.co/uyLxrpKct6",500
